customer_key,customer_name,industry,vertical,address,city,state,zip
1,Librairie Gallimard,Librairie,Librairie,247 avenue du Livre,Paris,75,58655
2,Librairie Gibert,Bibliotheque,Institutionnel,284 avenue du Livre,Lyon,69,23446
3,Fnac Livres,Grossiste,Distribution,265 avenue du Livre,Marseille,13,26341
4,Cultura,Ecole,Education,146 avenue du Livre,Toulouse,31,20993
5,Librairie Mollat,Universite,Education,83 avenue du Livre,Bordeaux,33,45755
6,Librairie Decitre,Mediatheque,Institutionnel,231 avenue du Livre,Nantes,44,77286
7,Le Furet du Nord,Librairie,Librairie,76 avenue du Livre,Strasbourg,67,67340
8,Librairie Kleen,Bibliotheque,Institutionnel,47 avenue du Livre,Lille,59,39102
9,Librairie Sauramps,Grossiste,Distribution,231 avenue du Livre,Rennes,35,55820
10,Librairie Dialogues,Ecole,Education,14 avenue du Livre,Grenoble,38,64381
11,Bibliotheque Nationale,Universite,Education,28 avenue du Livre,Rouen,76,61964
12,BU Paris-Saclay,Mediatheque,Institutionnel,258 avenue du Livre,Tours,37,59015
13,Mediatheque de Lyon,Librairie,Librairie,121 avenue du Livre,Dijon,21,60615
14,CDI Lycee Voltaire,Bibliotheque,Institutionnel,42 avenue du Livre,Clermont-Ferrand,63,59140
15,Ecole Normale Superieure,Grossiste,Distribution,115 avenue du Livre,Montpellier,34,13694
16,Grossiste Livres Express,Ecole,Education,164 avenue du Livre,Paris,75,22987
17,France Loisirs,Universite,Education,172 avenue du Livre,Lyon,69,29142
18,Chapitre.com,Mediatheque,Institutionnel,71 avenue du Livre,Marseille,13,15020
19,Leslibraires.fr,Librairie,Librairie,147 avenue du Livre,Toulouse,31,71925
20,Amazon France,Bibliotheque,Institutionnel,72 avenue du Livre,Bordeaux,33,71487
21,Librairie Gallimard - Nantes,Grossiste,Distribution,230 avenue du Livre,Nantes,44,90654
22,Librairie Gibert - Strasbourg,Ecole,Education,3 avenue du Livre,Strasbourg,67,20384
23,Fnac Livres - Lille,Universite,Education,10 avenue du Livre,Lille,59,43544
24,Cultura - Rennes,Mediatheque,Institutionnel,111 avenue du Livre,Rennes,35,29597
25,Librairie Mollat - Grenoble,Librairie,Librairie,281 avenue du Livre,Grenoble,38,89807
26,Librairie Decitre - Rouen,Bibliotheque,Institutionnel,271 avenue du Livre,Rouen,76,65476
27,Le Furet du Nord - Tours,Grossiste,Distribution,57 avenue du Livre,Tours,37,47762
28,Librairie Kleen - Dijon,Ecole,Education,122 avenue du Livre,Dijon,21,49472
29,Librairie Sauramps - Clermont-Ferrand,Universite,Education,63 avenue du Livre,Clermont-Ferrand,63,16258
30,Librairie Dialogues - Montpellier,Mediatheque,Institutionnel,123 avenue du Livre,Montpellier,34,65027
31,Bibliotheque Nationale - Paris,Librairie,Librairie,235 avenue du Livre,Paris,75,18232
32,BU Paris-Saclay - Lyon,Bibliotheque,Institutionnel,57 avenue du Livre,Lyon,69,75513
33,Mediatheque de Lyon - Marseille,Grossiste,Distribution,275 avenue du Livre,Marseille,13,12154
34,CDI Lycee Voltaire - Toulouse,Ecole,Education,264 avenue du Livre,Toulouse,31,85372
35,Ecole Normale Superieure - Bordeaux,Universite,Education,124 avenue du Livre,Bordeaux,33,28818
36,Grossiste Livres Express - Nantes,Mediatheque,Institutionnel,150 avenue du Livre,Nantes,44,66261
37,France Loisirs - Strasbourg,Librairie,Librairie,1 avenue du Livre,Strasbourg,67,90584
38,Chapitre.com - Lille,Bibliotheque,Institutionnel,181 avenue du Livre,Lille,59,41531
39,Leslibraires.fr - Rennes,Grossiste,Distribution,293 avenue du Livre,Rennes,35,64600
40,Amazon France - Grenoble,Ecole,Education,96 avenue du Livre,Grenoble,38,97080
41,Librairie Gallimard - Rouen,Universite,Education,44 avenue du Livre,Rouen,76,78614
42,Librairie Gibert - Tours,Mediatheque,Institutionnel,185 avenue du Livre,Tours,37,18870
43,Fnac Livres - Dijon,Librairie,Librairie,270 avenue du Livre,Dijon,21,81313
44,Cultura - Clermont-Ferrand,Bibliotheque,Institutionnel,260 avenue du Livre,Clermont-Ferrand,63,76535
45,Librairie Mollat - Montpellier,Grossiste,Distribution,284 avenue du Livre,Montpellier,34,12665
46,Librairie Decitre - Paris,Ecole,Education,200 avenue du Livre,Paris,75,71621
47,Le Furet du Nord - Lyon,Universite,Education,23 avenue du Livre,Lyon,69,93318
48,Librairie Kleen - Marseille,Mediatheque,Institutionnel,199 avenue du Livre,Marseille,13,58929
49,Librairie Sauramps - Toulouse,Librairie,Librairie,130 avenue du Livre,Toulouse,31,12128
50,Librairie Dialogues - Bordeaux,Bibliotheque,Institutionnel,183 avenue du Livre,Bordeaux,33,18855
51,Bibliotheque Nationale - Nantes,Grossiste,Distribution,177 avenue du Livre,Nantes,44,41604
52,BU Paris-Saclay - Strasbourg,Ecole,Education,54 avenue du Livre,Strasbourg,67,86271
53,Mediatheque de Lyon - Lille,Universite,Education,171 avenue du Livre,Lille,59,27486
54,CDI Lycee Voltaire - Rennes,Mediatheque,Institutionnel,23 avenue du Livre,Rennes,35,56176
55,Ecole Normale Superieure - Grenoble,Librairie,Librairie,280 avenue du Livre,Grenoble,38,54374
56,Grossiste Livres Express - Rouen,Bibliotheque,Institutionnel,90 avenue du Livre,Rouen,76,99742
57,France Loisirs - Tours,Grossiste,Distribution,238 avenue du Livre,Tours,37,72722
58,Chapitre.com - Dijon,Ecole,Education,94 avenue du Livre,Dijon,21,27675
59,Leslibraires.fr - Clermont-Ferrand,Universite,Education,33 avenue du Livre,Clermont-Ferrand,63,69988
60,Amazon France - Montpellier,Mediatheque,Institutionnel,19 avenue du Livre,Montpellier,34,48462
61,Librairie Gallimard - Paris,Librairie,Librairie,104 avenue du Livre,Paris,75,15741
62,Librairie Gibert - Lyon,Bibliotheque,Institutionnel,103 avenue du Livre,Lyon,69,15492
63,Fnac Livres - Marseille,Grossiste,Distribution,162 avenue du Livre,Marseille,13,50642
64,Cultura - Toulouse,Ecole,Education,264 avenue du Livre,Toulouse,31,62196
65,Librairie Mollat - Bordeaux,Universite,Education,279 avenue du Livre,Bordeaux,33,72049
66,Librairie Decitre - Nantes,Mediatheque,Institutionnel,130 avenue du Livre,Nantes,44,14799
67,Le Furet du Nord - Strasbourg,Librairie,Librairie,98 avenue du Livre,Strasbourg,67,47501
68,Librairie Kleen - Lille,Bibliotheque,Institutionnel,183 avenue du Livre,Lille,59,16265
69,Librairie Sauramps - Rennes,Grossiste,Distribution,170 avenue du Livre,Rennes,35,45811
70,Librairie Dialogues - Grenoble,Ecole,Education,64 avenue du Livre,Grenoble,38,58237
71,Bibliotheque Nationale - Rouen,Universite,Education,224 avenue du Livre,Rouen,76,62431
72,BU Paris-Saclay - Tours,Mediatheque,Institutionnel,226 avenue du Livre,Tours,37,60678
73,Mediatheque de Lyon - Dijon,Librairie,Librairie,174 avenue du Livre,Dijon,21,34486
74,CDI Lycee Voltaire - Clermont-Ferrand,Bibliotheque,Institutionnel,255 avenue du Livre,Clermont-Ferrand,63,75211
75,Ecole Normale Superieure - Montpellier,Grossiste,Distribution,189 avenue du Livre,Montpellier,34,78062
76,Grossiste Livres Express - Paris,Ecole,Education,137 avenue du Livre,Paris,75,20828
77,France Loisirs - Lyon,Universite,Education,218 avenue du Livre,Lyon,69,20345
78,Chapitre.com - Marseille,Mediatheque,Institutionnel,221 avenue du Livre,Marseille,13,88964
79,Leslibraires.fr - Toulouse,Librairie,Librairie,93 avenue du Livre,Toulouse,31,81496
80,Amazon France - Bordeaux,Bibliotheque,Institutionnel,151 avenue du Livre,Bordeaux,33,52101
81,Librairie Gallimard - Nantes,Grossiste,Distribution,53 avenue du Livre,Nantes,44,20494
82,Librairie Gibert - Strasbourg,Ecole,Education,168 avenue du Livre,Strasbourg,67,96628
83,Fnac Livres - Lille,Universite,Education,152 avenue du Livre,Lille,59,50173
84,Cultura - Rennes,Mediatheque,Institutionnel,229 avenue du Livre,Rennes,35,88986
85,Librairie Mollat - Grenoble,Librairie,Librairie,219 avenue du Livre,Grenoble,38,31842
86,Librairie Decitre - Rouen,Bibliotheque,Institutionnel,228 avenue du Livre,Rouen,76,56077
87,Le Furet du Nord - Tours,Grossiste,Distribution,229 avenue du Livre,Tours,37,15551
88,Librairie Kleen - Dijon,Ecole,Education,181 avenue du Livre,Dijon,21,90589
89,Librairie Sauramps - Clermont-Ferrand,Universite,Education,223 avenue du Livre,Clermont-Ferrand,63,45986
90,Librairie Dialogues - Montpellier,Mediatheque,Institutionnel,30 avenue du Livre,Montpellier,34,19835
91,Bibliotheque Nationale - Paris,Librairie,Librairie,208 avenue du Livre,Paris,75,57619
92,BU Paris-Saclay - Lyon,Bibliotheque,Institutionnel,263 avenue du Livre,Lyon,69,99051
93,Mediatheque de Lyon - Marseille,Grossiste,Distribution,82 avenue du Livre,Marseille,13,14081
94,CDI Lycee Voltaire - Toulouse,Ecole,Education,74 avenue du Livre,Toulouse,31,89635
95,Ecole Normale Superieure - Bordeaux,Universite,Education,225 avenue du Livre,Bordeaux,33,14561
96,Grossiste Livres Express - Nantes,Mediatheque,Institutionnel,65 avenue du Livre,Nantes,44,18812
97,France Loisirs - Strasbourg,Librairie,Librairie,121 avenue du Livre,Strasbourg,67,94562
98,Chapitre.com - Lille,Bibliotheque,Institutionnel,188 avenue du Livre,Lille,59,57467
99,Leslibraires.fr - Rennes,Grossiste,Distribution,197 avenue du Livre,Rennes,35,84349
100,Amazon France - Grenoble,Ecole,Education,17 avenue du Livre,Grenoble,38,89310
101,Librairie Gallimard - Rouen,Universite,Education,79 avenue du Livre,Rouen,76,99006
102,Librairie Gibert - Tours,Mediatheque,Institutionnel,231 avenue du Livre,Tours,37,58623
103,Fnac Livres - Dijon,Librairie,Librairie,191 avenue du Livre,Dijon,21,68188
104,Cultura - Clermont-Ferrand,Bibliotheque,Institutionnel,40 avenue du Livre,Clermont-Ferrand,63,85225
105,Librairie Mollat - Montpellier,Grossiste,Distribution,71 avenue du Livre,Montpellier,34,79397
106,Librairie Decitre - Paris,Ecole,Education,188 avenue du Livre,Paris,75,62171
107,Le Furet du Nord - Lyon,Universite,Education,161 avenue du Livre,Lyon,69,95139
108,Librairie Kleen - Marseille,Mediatheque,Institutionnel,143 avenue du Livre,Marseille,13,42717
109,Librairie Sauramps - Toulouse,Librairie,Librairie,59 avenue du Livre,Toulouse,31,13396
110,Librairie Dialogues - Bordeaux,Bibliotheque,Institutionnel,96 avenue du Livre,Bordeaux,33,75410
111,Bibliotheque Nationale - Nantes,Grossiste,Distribution,266 avenue du Livre,Nantes,44,60723
112,BU Paris-Saclay - Strasbourg,Ecole,Education,288 avenue du Livre,Strasbourg,67,25435
113,Mediatheque de Lyon - Lille,Universite,Education,135 avenue du Livre,Lille,59,44116
114,CDI Lycee Voltaire - Rennes,Mediatheque,Institutionnel,229 avenue du Livre,Rennes,35,38124
115,Ecole Normale Superieure - Grenoble,Librairie,Librairie,147 avenue du Livre,Grenoble,38,74382
116,Grossiste Livres Express - Rouen,Bibliotheque,Institutionnel,103 avenue du Livre,Rouen,76,26074
117,France Loisirs - Tours,Grossiste,Distribution,70 avenue du Livre,Tours,37,19706
118,Chapitre.com - Dijon,Ecole,Education,232 avenue du Livre,Dijon,21,32630
119,Leslibraires.fr - Clermont-Ferrand,Universite,Education,228 avenue du Livre,Clermont-Ferrand,63,21506
120,Amazon France - Montpellier,Mediatheque,Institutionnel,164 avenue du Livre,Montpellier,34,97535
121,Librairie Gallimard - Paris,Librairie,Librairie,178 avenue du Livre,Paris,75,18511
122,Librairie Gibert - Lyon,Bibliotheque,Institutionnel,282 avenue du Livre,Lyon,69,81063
123,Fnac Livres - Marseille,Grossiste,Distribution,149 avenue du Livre,Marseille,13,49315
124,Cultura - Toulouse,Ecole,Education,81 avenue du Livre,Toulouse,31,93584
125,Librairie Mollat - Bordeaux,Universite,Education,90 avenue du Livre,Bordeaux,33,57381
126,Librairie Decitre - Nantes,Mediatheque,Institutionnel,261 avenue du Livre,Nantes,44,39391
127,Le Furet du Nord - Strasbourg,Librairie,Librairie,63 avenue du Livre,Strasbourg,67,36342
128,Librairie Kleen - Lille,Bibliotheque,Institutionnel,72 avenue du Livre,Lille,59,41029
129,Librairie Sauramps - Rennes,Grossiste,Distribution,253 avenue du Livre,Rennes,35,13445
130,Librairie Dialogues - Grenoble,Ecole,Education,185 avenue du Livre,Grenoble,38,82616
131,Bibliotheque Nationale - Rouen,Universite,Education,294 avenue du Livre,Rouen,76,58353
132,BU Paris-Saclay - Tours,Mediatheque,Institutionnel,240 avenue du Livre,Tours,37,82305
133,Mediatheque de Lyon - Dijon,Librairie,Librairie,67 avenue du Livre,Dijon,21,90209
134,CDI Lycee Voltaire - Clermont-Ferrand,Bibliotheque,Institutionnel,45 avenue du Livre,Clermont-Ferrand,63,18617
135,Ecole Normale Superieure - Montpellier,Grossiste,Distribution,159 avenue du Livre,Montpellier,34,62187
136,Grossiste Livres Express - Paris,Ecole,Education,246 avenue du Livre,Paris,75,78903
137,France Loisirs - Lyon,Universite,Education,211 avenue du Livre,Lyon,69,63665
138,Chapitre.com - Marseille,Mediatheque,Institutionnel,295 avenue du Livre,Marseille,13,19666
139,Leslibraires.fr - Toulouse,Librairie,Librairie,65 avenue du Livre,Toulouse,31,51553
140,Amazon France - Bordeaux,Bibliotheque,Institutionnel,38 avenue du Livre,Bordeaux,33,68979
141,Librairie Gallimard - Nantes,Grossiste,Distribution,239 avenue du Livre,Nantes,44,99143
142,Librairie Gibert - Strasbourg,Ecole,Education,265 avenue du Livre,Strasbourg,67,55156
143,Fnac Livres - Lille,Universite,Education,66 avenue du Livre,Lille,59,82260
144,Cultura - Rennes,Mediatheque,Institutionnel,94 avenue du Livre,Rennes,35,26912
145,Librairie Mollat - Grenoble,Librairie,Librairie,222 avenue du Livre,Grenoble,38,75911
146,Librairie Decitre - Rouen,Bibliotheque,Institutionnel,29 avenue du Livre,Rouen,76,26274
147,Le Furet du Nord - Tours,Grossiste,Distribution,266 avenue du Livre,Tours,37,30056
148,Librairie Kleen - Dijon,Ecole,Education,156 avenue du Livre,Dijon,21,31581
149,Librairie Sauramps - Clermont-Ferrand,Universite,Education,83 avenue du Livre,Clermont-Ferrand,63,52291
150,Librairie Dialogues - Montpellier,Mediatheque,Institutionnel,116 avenue du Livre,Montpellier,34,55353
151,Bibliotheque Nationale - Paris,Librairie,Librairie,266 avenue du Livre,Paris,75,47230
152,BU Paris-Saclay - Lyon,Bibliotheque,Institutionnel,41 avenue du Livre,Lyon,69,42847
153,Mediatheque de Lyon - Marseille,Grossiste,Distribution,101 avenue du Livre,Marseille,13,93238
154,CDI Lycee Voltaire - Toulouse,Ecole,Education,283 avenue du Livre,Toulouse,31,45972
155,Ecole Normale Superieure - Bordeaux,Universite,Education,65 avenue du Livre,Bordeaux,33,91922
156,Grossiste Livres Express - Nantes,Mediatheque,Institutionnel,156 avenue du Livre,Nantes,44,90534
157,France Loisirs - Strasbourg,Librairie,Librairie,274 avenue du Livre,Strasbourg,67,22245
158,Chapitre.com - Lille,Bibliotheque,Institutionnel,258 avenue du Livre,Lille,59,94015
159,Leslibraires.fr - Rennes,Grossiste,Distribution,87 avenue du Livre,Rennes,35,87569
160,Amazon France - Grenoble,Ecole,Education,298 avenue du Livre,Grenoble,38,30210
161,Librairie Gallimard - Rouen,Universite,Education,88 avenue du Livre,Rouen,76,96341
162,Librairie Gibert - Tours,Mediatheque,Institutionnel,173 avenue du Livre,Tours,37,83874
163,Fnac Livres - Dijon,Librairie,Librairie,22 avenue du Livre,Dijon,21,13718
164,Cultura - Clermont-Ferrand,Bibliotheque,Institutionnel,42 avenue du Livre,Clermont-Ferrand,63,15958
165,Librairie Mollat - Montpellier,Grossiste,Distribution,296 avenue du Livre,Montpellier,34,44688
166,Librairie Decitre - Paris,Ecole,Education,108 avenue du Livre,Paris,75,84991
167,Le Furet du Nord - Lyon,Universite,Education,214 avenue du Livre,Lyon,69,91016
168,Librairie Kleen - Marseille,Mediatheque,Institutionnel,16 avenue du Livre,Marseille,13,75278
169,Librairie Sauramps - Toulouse,Librairie,Librairie,280 avenue du Livre,Toulouse,31,47967
170,Librairie Dialogues - Bordeaux,Bibliotheque,Institutionnel,155 avenue du Livre,Bordeaux,33,73300
171,Bibliotheque Nationale - Nantes,Grossiste,Distribution,126 avenue du Livre,Nantes,44,99783
172,BU Paris-Saclay - Strasbourg,Ecole,Education,208 avenue du Livre,Strasbourg,67,48985
173,Mediatheque de Lyon - Lille,Universite,Education,233 avenue du Livre,Lille,59,19564
174,CDI Lycee Voltaire - Rennes,Mediatheque,Institutionnel,31 avenue du Livre,Rennes,35,30719
175,Ecole Normale Superieure - Grenoble,Librairie,Librairie,226 avenue du Livre,Grenoble,38,64476
176,Grossiste Livres Express - Rouen,Bibliotheque,Institutionnel,248 avenue du Livre,Rouen,76,70875
177,France Loisirs - Tours,Grossiste,Distribution,105 avenue du Livre,Tours,37,54589
178,Chapitre.com - Dijon,Ecole,Education,74 avenue du Livre,Dijon,21,50970
179,Leslibraires.fr - Clermont-Ferrand,Universite,Education,164 avenue du Livre,Clermont-Ferrand,63,55268
180,Amazon France - Montpellier,Mediatheque,Institutionnel,205 avenue du Livre,Montpellier,34,27139
181,Librairie Gallimard - Paris,Librairie,Librairie,190 avenue du Livre,Paris,75,77499
182,Librairie Gibert - Lyon,Bibliotheque,Institutionnel,288 avenue du Livre,Lyon,69,23917
183,Fnac Livres - Marseille,Grossiste,Distribution,164 avenue du Livre,Marseille,13,41685
184,Cultura - Toulouse,Ecole,Education,239 avenue du Livre,Toulouse,31,26059
185,Librairie Mollat - Bordeaux,Universite,Education,137 avenue du Livre,Bordeaux,33,68929
186,Librairie Decitre - Nantes,Mediatheque,Institutionnel,127 avenue du Livre,Nantes,44,28465
187,Le Furet du Nord - Strasbourg,Librairie,Librairie,50 avenue du Livre,Strasbourg,67,16632
188,Librairie Kleen - Lille,Bibliotheque,Institutionnel,149 avenue du Livre,Lille,59,60351
189,Librairie Sauramps - Rennes,Grossiste,Distribution,215 avenue du Livre,Rennes,35,42541
190,Librairie Dialogues - Grenoble,Ecole,Education,82 avenue du Livre,Grenoble,38,52917
191,Bibliotheque Nationale - Rouen,Universite,Education,296 avenue du Livre,Rouen,76,50988
192,BU Paris-Saclay - Tours,Mediatheque,Institutionnel,98 avenue du Livre,Tours,37,30885
193,Mediatheque de Lyon - Dijon,Librairie,Librairie,256 avenue du Livre,Dijon,21,77466
194,CDI Lycee Voltaire - Clermont-Ferrand,Bibliotheque,Institutionnel,240 avenue du Livre,Clermont-Ferrand,63,75373
195,Ecole Normale Superieure - Montpellier,Grossiste,Distribution,158 avenue du Livre,Montpellier,34,75191
196,Grossiste Livres Express - Paris,Ecole,Education,12 avenue du Livre,Paris,75,21802
197,France Loisirs - Lyon,Universite,Education,202 avenue du Livre,Lyon,69,76249
198,Chapitre.com - Marseille,Mediatheque,Institutionnel,235 avenue du Livre,Marseille,13,41552
199,Leslibraires.fr - Toulouse,Librairie,Librairie,111 avenue du Livre,Toulouse,31,86460
200,Amazon France - Bordeaux,Bibliotheque,Institutionnel,181 avenue du Livre,Bordeaux,33,16377
201,Librairie Gallimard - Nantes,Grossiste,Distribution,26 avenue du Livre,Nantes,44,46877
202,Librairie Gibert - Strasbourg,Ecole,Education,254 avenue du Livre,Strasbourg,67,88317
203,Fnac Livres - Lille,Universite,Education,241 avenue du Livre,Lille,59,47453
204,Cultura - Rennes,Mediatheque,Institutionnel,275 avenue du Livre,Rennes,35,11071
205,Librairie Mollat - Grenoble,Librairie,Librairie,56 avenue du Livre,Grenoble,38,66482
206,Librairie Decitre - Rouen,Bibliotheque,Institutionnel,69 avenue du Livre,Rouen,76,44664
207,Le Furet du Nord - Tours,Grossiste,Distribution,188 avenue du Livre,Tours,37,62855
208,Librairie Kleen - Dijon,Ecole,Education,188 avenue du Livre,Dijon,21,15930
209,Librairie Sauramps - Clermont-Ferrand,Universite,Education,206 avenue du Livre,Clermont-Ferrand,63,16705
210,Librairie Dialogues - Montpellier,Mediatheque,Institutionnel,292 avenue du Livre,Montpellier,34,83638
211,Bibliotheque Nationale - Paris,Librairie,Librairie,100 avenue du Livre,Paris,75,57516
212,BU Paris-Saclay - Lyon,Bibliotheque,Institutionnel,284 avenue du Livre,Lyon,69,47827
213,Mediatheque de Lyon - Marseille,Grossiste,Distribution,38 avenue du Livre,Marseille,13,60639
214,CDI Lycee Voltaire - Toulouse,Ecole,Education,259 avenue du Livre,Toulouse,31,69028
215,Ecole Normale Superieure - Bordeaux,Universite,Education,282 avenue du Livre,Bordeaux,33,46663
216,Grossiste Livres Express - Nantes,Mediatheque,Institutionnel,61 avenue du Livre,Nantes,44,26864
217,France Loisirs - Strasbourg,Librairie,Librairie,50 avenue du Livre,Strasbourg,67,61629
218,Chapitre.com - Lille,Bibliotheque,Institutionnel,192 avenue du Livre,Lille,59,54444
219,Leslibraires.fr - Rennes,Grossiste,Distribution,286 avenue du Livre,Rennes,35,57920
220,Amazon France - Grenoble,Ecole,Education,74 avenue du Livre,Grenoble,38,36090
221,Librairie Gallimard - Rouen,Universite,Education,261 avenue du Livre,Rouen,76,62610
222,Librairie Gibert - Tours,Mediatheque,Institutionnel,257 avenue du Livre,Tours,37,15276
223,Fnac Livres - Dijon,Librairie,Librairie,24 avenue du Livre,Dijon,21,15100
224,Cultura - Clermont-Ferrand,Bibliotheque,Institutionnel,71 avenue du Livre,Clermont-Ferrand,63,53652
225,Librairie Mollat - Montpellier,Grossiste,Distribution,243 avenue du Livre,Montpellier,34,78069
226,Librairie Decitre - Paris,Ecole,Education,234 avenue du Livre,Paris,75,29521
227,Le Furet du Nord - Lyon,Universite,Education,264 avenue du Livre,Lyon,69,28321
228,Librairie Kleen - Marseille,Mediatheque,Institutionnel,168 avenue du Livre,Marseille,13,90356
229,Librairie Sauramps - Toulouse,Librairie,Librairie,164 avenue du Livre,Toulouse,31,31299
230,Librairie Dialogues - Bordeaux,Bibliotheque,Institutionnel,202 avenue du Livre,Bordeaux,33,90805
231,Bibliotheque Nationale - Nantes,Grossiste,Distribution,154 avenue du Livre,Nantes,44,87820
232,BU Paris-Saclay - Strasbourg,Ecole,Education,173 avenue du Livre,Strasbourg,67,76494
233,Mediatheque de Lyon - Lille,Universite,Education,261 avenue du Livre,Lille,59,79774
234,CDI Lycee Voltaire - Rennes,Mediatheque,Institutionnel,251 avenue du Livre,Rennes,35,83783
235,Ecole Normale Superieure - Grenoble,Librairie,Librairie,154 avenue du Livre,Grenoble,38,72245
236,Grossiste Livres Express - Rouen,Bibliotheque,Institutionnel,9 avenue du Livre,Rouen,76,58281
237,France Loisirs - Tours,Grossiste,Distribution,170 avenue du Livre,Tours,37,98317
238,Chapitre.com - Dijon,Ecole,Education,57 avenue du Livre,Dijon,21,64596
239,Leslibraires.fr - Clermont-Ferrand,Universite,Education,299 avenue du Livre,Clermont-Ferrand,63,50327
240,Amazon France - Montpellier,Mediatheque,Institutionnel,14 avenue du Livre,Montpellier,34,88238
241,Librairie Gallimard - Paris,Librairie,Librairie,243 avenue du Livre,Paris,75,44803
242,Librairie Gibert - Lyon,Bibliotheque,Institutionnel,297 avenue du Livre,Lyon,69,85711
243,Fnac Livres - Marseille,Grossiste,Distribution,117 avenue du Livre,Marseille,13,16731
244,Cultura - Toulouse,Ecole,Education,299 avenue du Livre,Toulouse,31,72973
245,Librairie Mollat - Bordeaux,Universite,Education,88 avenue du Livre,Bordeaux,33,78712
246,Librairie Decitre - Nantes,Mediatheque,Institutionnel,195 avenue du Livre,Nantes,44,29369
247,Le Furet du Nord - Strasbourg,Librairie,Librairie,125 avenue du Livre,Strasbourg,67,14138
248,Librairie Kleen - Lille,Bibliotheque,Institutionnel,294 avenue du Livre,Lille,59,24404
249,Librairie Sauramps - Rennes,Grossiste,Distribution,98 avenue du Livre,Rennes,35,12482
250,Librairie Dialogues - Grenoble,Ecole,Education,226 avenue du Livre,Grenoble,38,51116
251,Bibliotheque Nationale - Rouen,Universite,Education,215 avenue du Livre,Rouen,76,29848
252,BU Paris-Saclay - Tours,Mediatheque,Institutionnel,212 avenue du Livre,Tours,37,36724
253,Mediatheque de Lyon - Dijon,Librairie,Librairie,211 avenue du Livre,Dijon,21,75774
254,CDI Lycee Voltaire - Clermont-Ferrand,Bibliotheque,Institutionnel,242 avenue du Livre,Clermont-Ferrand,63,18163
255,Ecole Normale Superieure - Montpellier,Grossiste,Distribution,71 avenue du Livre,Montpellier,34,77984
256,Grossiste Livres Express - Paris,Ecole,Education,107 avenue du Livre,Paris,75,83516
257,France Loisirs - Lyon,Universite,Education,167 avenue du Livre,Lyon,69,96799
258,Chapitre.com - Marseille,Mediatheque,Institutionnel,245 avenue du Livre,Marseille,13,78875
259,Leslibraires.fr - Toulouse,Librairie,Librairie,193 avenue du Livre,Toulouse,31,51124
260,Amazon France - Bordeaux,Bibliotheque,Institutionnel,89 avenue du Livre,Bordeaux,33,70249
261,Librairie Gallimard - Nantes,Grossiste,Distribution,273 avenue du Livre,Nantes,44,54869
262,Librairie Gibert - Strasbourg,Ecole,Education,280 avenue du Livre,Strasbourg,67,56437
263,Fnac Livres - Lille,Universite,Education,136 avenue du Livre,Lille,59,89963
264,Cultura - Rennes,Mediatheque,Institutionnel,248 avenue du Livre,Rennes,35,35200
265,Librairie Mollat - Grenoble,Librairie,Librairie,127 avenue du Livre,Grenoble,38,46569
266,Librairie Decitre - Rouen,Bibliotheque,Institutionnel,286 avenue du Livre,Rouen,76,49124
267,Le Furet du Nord - Tours,Grossiste,Distribution,116 avenue du Livre,Tours,37,49008
268,Librairie Kleen - Dijon,Ecole,Education,148 avenue du Livre,Dijon,21,37168
269,Librairie Sauramps - Clermont-Ferrand,Universite,Education,251 avenue du Livre,Clermont-Ferrand,63,51555
270,Librairie Dialogues - Montpellier,Mediatheque,Institutionnel,246 avenue du Livre,Montpellier,34,55718
271,Bibliotheque Nationale - Paris,Librairie,Librairie,287 avenue du Livre,Paris,75,45842
272,BU Paris-Saclay - Lyon,Bibliotheque,Institutionnel,148 avenue du Livre,Lyon,69,25974
273,Mediatheque de Lyon - Marseille,Grossiste,Distribution,294 avenue du Livre,Marseille,13,98686
274,CDI Lycee Voltaire - Toulouse,Ecole,Education,279 avenue du Livre,Toulouse,31,59767
275,Ecole Normale Superieure - Bordeaux,Universite,Education,203 avenue du Livre,Bordeaux,33,55237
276,Grossiste Livres Express - Nantes,Mediatheque,Institutionnel,75 avenue du Livre,Nantes,44,48070
277,France Loisirs - Strasbourg,Librairie,Librairie,22 avenue du Livre,Strasbourg,67,47700
278,Chapitre.com - Lille,Bibliotheque,Institutionnel,41 avenue du Livre,Lille,59,55398
279,Leslibraires.fr - Rennes,Grossiste,Distribution,227 avenue du Livre,Rennes,35,95979
280,Amazon France - Grenoble,Ecole,Education,132 avenue du Livre,Grenoble,38,72793
281,Librairie Gallimard - Rouen,Universite,Education,110 avenue du Livre,Rouen,76,36485
282,Librairie Gibert - Tours,Mediatheque,Institutionnel,276 avenue du Livre,Tours,37,45537
283,Fnac Livres - Dijon,Librairie,Librairie,288 avenue du Livre,Dijon,21,45601
284,Cultura - Clermont-Ferrand,Bibliotheque,Institutionnel,71 avenue du Livre,Clermont-Ferrand,63,24316
285,Librairie Mollat - Montpellier,Grossiste,Distribution,123 avenue du Livre,Montpellier,34,41779
286,Librairie Decitre - Paris,Ecole,Education,26 avenue du Livre,Paris,75,97796
287,Le Furet du Nord - Lyon,Universite,Education,272 avenue du Livre,Lyon,69,39579
288,Librairie Kleen - Marseille,Mediatheque,Institutionnel,120 avenue du Livre,Marseille,13,16880
289,Librairie Sauramps - Toulouse,Librairie,Librairie,52 avenue du Livre,Toulouse,31,64172
290,Librairie Dialogues - Bordeaux,Bibliotheque,Institutionnel,170 avenue du Livre,Bordeaux,33,71918
291,Bibliotheque Nationale - Nantes,Grossiste,Distribution,52 avenue du Livre,Nantes,44,99285
292,BU Paris-Saclay - Strasbourg,Ecole,Education,71 avenue du Livre,Strasbourg,67,10679
293,Mediatheque de Lyon - Lille,Universite,Education,282 avenue du Livre,Lille,59,30701
294,CDI Lycee Voltaire - Rennes,Mediatheque,Institutionnel,209 avenue du Livre,Rennes,35,95575
295,Ecole Normale Superieure - Grenoble,Librairie,Librairie,244 avenue du Livre,Grenoble,38,72580
296,Grossiste Livres Express - Rouen,Bibliotheque,Institutionnel,103 avenue du Livre,Rouen,76,47649
297,France Loisirs - Tours,Grossiste,Distribution,165 avenue du Livre,Tours,37,47409
298,Chapitre.com - Dijon,Ecole,Education,31 avenue du Livre,Dijon,21,21725
299,Leslibraires.fr - Clermont-Ferrand,Universite,Education,294 avenue du Livre,Clermont-Ferrand,63,40437
300,Amazon France - Montpellier,Mediatheque,Institutionnel,274 avenue du Livre,Montpellier,34,14888
301,Librairie Gallimard - Paris,Librairie,Librairie,90 avenue du Livre,Paris,75,64773
302,Librairie Gibert - Lyon,Bibliotheque,Institutionnel,91 avenue du Livre,Lyon,69,14763
303,Fnac Livres - Marseille,Grossiste,Distribution,204 avenue du Livre,Marseille,13,74930
304,Cultura - Toulouse,Ecole,Education,96 avenue du Livre,Toulouse,31,47941
305,Librairie Mollat - Bordeaux,Universite,Education,20 avenue du Livre,Bordeaux,33,11214
306,Librairie Decitre - Nantes,Mediatheque,Institutionnel,153 avenue du Livre,Nantes,44,84443
307,Le Furet du Nord - Strasbourg,Librairie,Librairie,55 avenue du Livre,Strasbourg,67,53914
308,Librairie Kleen - Lille,Bibliotheque,Institutionnel,146 avenue du Livre,Lille,59,69552
309,Librairie Sauramps - Rennes,Grossiste,Distribution,279 avenue du Livre,Rennes,35,78723
310,Librairie Dialogues - Grenoble,Ecole,Education,253 avenue du Livre,Grenoble,38,27589
311,Bibliotheque Nationale - Rouen,Universite,Education,259 avenue du Livre,Rouen,76,71344
312,BU Paris-Saclay - Tours,Mediatheque,Institutionnel,140 avenue du Livre,Tours,37,35272
313,Mediatheque de Lyon - Dijon,Librairie,Librairie,58 avenue du Livre,Dijon,21,53343
314,CDI Lycee Voltaire - Clermont-Ferrand,Bibliotheque,Institutionnel,84 avenue du Livre,Clermont-Ferrand,63,70150
315,Ecole Normale Superieure - Montpellier,Grossiste,Distribution,132 avenue du Livre,Montpellier,34,34405
316,Grossiste Livres Express - Paris,Ecole,Education,8 avenue du Livre,Paris,75,54185
317,France Loisirs - Lyon,Universite,Education,152 avenue du Livre,Lyon,69,84420
318,Chapitre.com - Marseille,Mediatheque,Institutionnel,99 avenue du Livre,Marseille,13,33002
319,Leslibraires.fr - Toulouse,Librairie,Librairie,208 avenue du Livre,Toulouse,31,66059
320,Amazon France - Bordeaux,Bibliotheque,Institutionnel,264 avenue du Livre,Bordeaux,33,52982
321,Librairie Gallimard - Nantes,Grossiste,Distribution,45 avenue du Livre,Nantes,44,62538
322,Librairie Gibert - Strasbourg,Ecole,Education,49 avenue du Livre,Strasbourg,67,34219
323,Fnac Livres - Lille,Universite,Education,72 avenue du Livre,Lille,59,72580
324,Cultura - Rennes,Mediatheque,Institutionnel,166 avenue du Livre,Rennes,35,42512
325,Librairie Mollat - Grenoble,Librairie,Librairie,4 avenue du Livre,Grenoble,38,44181
326,Librairie Decitre - Rouen,Bibliotheque,Institutionnel,197 avenue du Livre,Rouen,76,40870
327,Le Furet du Nord - Tours,Grossiste,Distribution,229 avenue du Livre,Tours,37,44995
328,Librairie Kleen - Dijon,Ecole,Education,169 avenue du Livre,Dijon,21,49576
329,Librairie Sauramps - Clermont-Ferrand,Universite,Education,299 avenue du Livre,Clermont-Ferrand,63,85088
330,Librairie Dialogues - Montpellier,Mediatheque,Institutionnel,6 avenue du Livre,Montpellier,34,44282
331,Bibliotheque Nationale - Paris,Librairie,Librairie,185 avenue du Livre,Paris,75,40972
332,BU Paris-Saclay - Lyon,Bibliotheque,Institutionnel,32 avenue du Livre,Lyon,69,97528
333,Mediatheque de Lyon - Marseille,Grossiste,Distribution,61 avenue du Livre,Marseille,13,71000
334,CDI Lycee Voltaire - Toulouse,Ecole,Education,158 avenue du Livre,Toulouse,31,30934
335,Ecole Normale Superieure - Bordeaux,Universite,Education,208 avenue du Livre,Bordeaux,33,99925
336,Grossiste Livres Express - Nantes,Mediatheque,Institutionnel,258 avenue du Livre,Nantes,44,50760
337,France Loisirs - Strasbourg,Librairie,Librairie,61 avenue du Livre,Strasbourg,67,93717
338,Chapitre.com - Lille,Bibliotheque,Institutionnel,152 avenue du Livre,Lille,59,58174
339,Leslibraires.fr - Rennes,Grossiste,Distribution,114 avenue du Livre,Rennes,35,38721
340,Amazon France - Grenoble,Ecole,Education,69 avenue du Livre,Grenoble,38,72676
341,Librairie Gallimard - Rouen,Universite,Education,79 avenue du Livre,Rouen,76,69634
342,Librairie Gibert - Tours,Mediatheque,Institutionnel,192 avenue du Livre,Tours,37,64505
343,Fnac Livres - Dijon,Librairie,Librairie,282 avenue du Livre,Dijon,21,71712
344,Cultura - Clermont-Ferrand,Bibliotheque,Institutionnel,276 avenue du Livre,Clermont-Ferrand,63,97044
345,Librairie Mollat - Montpellier,Grossiste,Distribution,112 avenue du Livre,Montpellier,34,42435
346,Librairie Decitre - Paris,Ecole,Education,42 avenue du Livre,Paris,75,78879
347,Le Furet du Nord - Lyon,Universite,Education,229 avenue du Livre,Lyon,69,79228
348,Librairie Kleen - Marseille,Mediatheque,Institutionnel,186 avenue du Livre,Marseille,13,20237
349,Librairie Sauramps - Toulouse,Librairie,Librairie,289 avenue du Livre,Toulouse,31,24707
350,Librairie Dialogues - Bordeaux,Bibliotheque,Institutionnel,32 avenue du Livre,Bordeaux,33,81781
351,Bibliotheque Nationale - Nantes,Grossiste,Distribution,259 avenue du Livre,Nantes,44,36497
352,BU Paris-Saclay - Strasbourg,Ecole,Education,294 avenue du Livre,Strasbourg,67,80341
353,Mediatheque de Lyon - Lille,Universite,Education,77 avenue du Livre,Lille,59,31566
354,CDI Lycee Voltaire - Rennes,Mediatheque,Institutionnel,168 avenue du Livre,Rennes,35,78202
355,Ecole Normale Superieure - Grenoble,Librairie,Librairie,227 avenue du Livre,Grenoble,38,25235
356,Grossiste Livres Express - Rouen,Bibliotheque,Institutionnel,106 avenue du Livre,Rouen,76,86434
357,France Loisirs - Tours,Grossiste,Distribution,251 avenue du Livre,Tours,37,21919
358,Chapitre.com - Dijon,Ecole,Education,262 avenue du Livre,Dijon,21,68390
359,Leslibraires.fr - Clermont-Ferrand,Universite,Education,29 avenue du Livre,Clermont-Ferrand,63,69432
360,Amazon France - Montpellier,Mediatheque,Institutionnel,68 avenue du Livre,Montpellier,34,77272
361,Librairie Gallimard - Paris,Librairie,Librairie,213 avenue du Livre,Paris,75,69873
362,Librairie Gibert - Lyon,Bibliotheque,Institutionnel,289 avenue du Livre,Lyon,69,17567
363,Fnac Livres - Marseille,Grossiste,Distribution,287 avenue du Livre,Marseille,13,70604
364,Cultura - Toulouse,Ecole,Education,158 avenue du Livre,Toulouse,31,12853
365,Librairie Mollat - Bordeaux,Universite,Education,203 avenue du Livre,Bordeaux,33,43352
366,Librairie Decitre - Nantes,Mediatheque,Institutionnel,2 avenue du Livre,Nantes,44,38560
367,Le Furet du Nord - Strasbourg,Librairie,Librairie,297 avenue du Livre,Strasbourg,67,19572
368,Librairie Kleen - Lille,Bibliotheque,Institutionnel,24 avenue du Livre,Lille,59,65534
369,Librairie Sauramps - Rennes,Grossiste,Distribution,177 avenue du Livre,Rennes,35,18357
370,Librairie Dialogues - Grenoble,Ecole,Education,278 avenue du Livre,Grenoble,38,17897
371,Bibliotheque Nationale - Rouen,Universite,Education,36 avenue du Livre,Rouen,76,71875
372,BU Paris-Saclay - Tours,Mediatheque,Institutionnel,17 avenue du Livre,Tours,37,47629
373,Mediatheque de Lyon - Dijon,Librairie,Librairie,210 avenue du Livre,Dijon,21,33590
374,CDI Lycee Voltaire - Clermont-Ferrand,Bibliotheque,Institutionnel,70 avenue du Livre,Clermont-Ferrand,63,94085
375,Ecole Normale Superieure - Montpellier,Grossiste,Distribution,216 avenue du Livre,Montpellier,34,59081
376,Grossiste Livres Express - Paris,Ecole,Education,196 avenue du Livre,Paris,75,68790
377,France Loisirs - Lyon,Universite,Education,194 avenue du Livre,Lyon,69,59236
378,Chapitre.com - Marseille,Mediatheque,Institutionnel,42 avenue du Livre,Marseille,13,99486
379,Leslibraires.fr - Toulouse,Librairie,Librairie,277 avenue du Livre,Toulouse,31,27431
380,Amazon France - Bordeaux,Bibliotheque,Institutionnel,179 avenue du Livre,Bordeaux,33,25549
381,Librairie Gallimard - Nantes,Grossiste,Distribution,92 avenue du Livre,Nantes,44,80419
382,Librairie Gibert - Strasbourg,Ecole,Education,202 avenue du Livre,Strasbourg,67,79316
383,Fnac Livres - Lille,Universite,Education,66 avenue du Livre,Lille,59,39188
384,Cultura - Rennes,Mediatheque,Institutionnel,2 avenue du Livre,Rennes,35,12979
385,Librairie Mollat - Grenoble,Librairie,Librairie,153 avenue du Livre,Grenoble,38,70686
386,Librairie Decitre - Rouen,Bibliotheque,Institutionnel,279 avenue du Livre,Rouen,76,65591
387,Le Furet du Nord - Tours,Grossiste,Distribution,273 avenue du Livre,Tours,37,59712
388,Librairie Kleen - Dijon,Ecole,Education,118 avenue du Livre,Dijon,21,42441
389,Librairie Sauramps - Clermont-Ferrand,Universite,Education,236 avenue du Livre,Clermont-Ferrand,63,55371
390,Librairie Dialogues - Montpellier,Mediatheque,Institutionnel,80 avenue du Livre,Montpellier,34,46129
391,Bibliotheque Nationale - Paris,Librairie,Librairie,97 avenue du Livre,Paris,75,24790
392,BU Paris-Saclay - Lyon,Bibliotheque,Institutionnel,17 avenue du Livre,Lyon,69,96533
393,Mediatheque de Lyon - Marseille,Grossiste,Distribution,215 avenue du Livre,Marseille,13,90599
394,CDI Lycee Voltaire - Toulouse,Ecole,Education,9 avenue du Livre,Toulouse,31,41544
395,Ecole Normale Superieure - Bordeaux,Universite,Education,106 avenue du Livre,Bordeaux,33,18819
396,Grossiste Livres Express - Nantes,Mediatheque,Institutionnel,52 avenue du Livre,Nantes,44,87849
397,France Loisirs - Strasbourg,Librairie,Librairie,18 avenue du Livre,Strasbourg,67,68515
398,Chapitre.com - Lille,Bibliotheque,Institutionnel,25 avenue du Livre,Lille,59,42077
399,Leslibraires.fr - Rennes,Grossiste,Distribution,23 avenue du Livre,Rennes,35,62725
400,Amazon France - Grenoble,Ecole,Education,225 avenue du Livre,Grenoble,38,40715
401,Librairie Gallimard - Rouen,Universite,Education,277 avenue du Livre,Rouen,76,38477
402,Librairie Gibert - Tours,Mediatheque,Institutionnel,29 avenue du Livre,Tours,37,28367
403,Fnac Livres - Dijon,Librairie,Librairie,258 avenue du Livre,Dijon,21,47914
404,Cultura - Clermont-Ferrand,Bibliotheque,Institutionnel,120 avenue du Livre,Clermont-Ferrand,63,85511
405,Librairie Mollat - Montpellier,Grossiste,Distribution,164 avenue du Livre,Montpellier,34,85690
406,Librairie Decitre - Paris,Ecole,Education,165 avenue du Livre,Paris,75,41051
407,Le Furet du Nord - Lyon,Universite,Education,155 avenue du Livre,Lyon,69,28777
408,Librairie Kleen - Marseille,Mediatheque,Institutionnel,267 avenue du Livre,Marseille,13,38972
409,Librairie Sauramps - Toulouse,Librairie,Librairie,212 avenue du Livre,Toulouse,31,49387
410,Librairie Dialogues - Bordeaux,Bibliotheque,Institutionnel,141 avenue du Livre,Bordeaux,33,17989
411,Bibliotheque Nationale - Nantes,Grossiste,Distribution,286 avenue du Livre,Nantes,44,87550
412,BU Paris-Saclay - Strasbourg,Ecole,Education,90 avenue du Livre,Strasbourg,67,92050
413,Mediatheque de Lyon - Lille,Universite,Education,219 avenue du Livre,Lille,59,82856
414,CDI Lycee Voltaire - Rennes,Mediatheque,Institutionnel,254 avenue du Livre,Rennes,35,16145
415,Ecole Normale Superieure - Grenoble,Librairie,Librairie,177 avenue du Livre,Grenoble,38,94320
416,Grossiste Livres Express - Rouen,Bibliotheque,Institutionnel,196 avenue du Livre,Rouen,76,78742
417,France Loisirs - Tours,Grossiste,Distribution,164 avenue du Livre,Tours,37,64568
418,Chapitre.com - Dijon,Ecole,Education,210 avenue du Livre,Dijon,21,29558
419,Leslibraires.fr - Clermont-Ferrand,Universite,Education,154 avenue du Livre,Clermont-Ferrand,63,59343
420,Amazon France - Montpellier,Mediatheque,Institutionnel,95 avenue du Livre,Montpellier,34,80507
421,Librairie Gallimard - Paris,Librairie,Librairie,243 avenue du Livre,Paris,75,41584
422,Librairie Gibert - Lyon,Bibliotheque,Institutionnel,116 avenue du Livre,Lyon,69,49418
423,Fnac Livres - Marseille,Grossiste,Distribution,74 avenue du Livre,Marseille,13,70689
424,Cultura - Toulouse,Ecole,Education,30 avenue du Livre,Toulouse,31,83713
425,Librairie Mollat - Bordeaux,Universite,Education,212 avenue du Livre,Bordeaux,33,64592
426,Librairie Decitre - Nantes,Mediatheque,Institutionnel,286 avenue du Livre,Nantes,44,79467
427,Le Furet du Nord - Strasbourg,Librairie,Librairie,69 avenue du Livre,Strasbourg,67,60910
428,Librairie Kleen - Lille,Bibliotheque,Institutionnel,125 avenue du Livre,Lille,59,43422
429,Librairie Sauramps - Rennes,Grossiste,Distribution,105 avenue du Livre,Rennes,35,53288
430,Librairie Dialogues - Grenoble,Ecole,Education,41 avenue du Livre,Grenoble,38,68954
431,Bibliotheque Nationale - Rouen,Universite,Education,190 avenue du Livre,Rouen,76,22119
432,BU Paris-Saclay - Tours,Mediatheque,Institutionnel,275 avenue du Livre,Tours,37,34966
433,Mediatheque de Lyon - Dijon,Librairie,Librairie,27 avenue du Livre,Dijon,21,45187
434,CDI Lycee Voltaire - Clermont-Ferrand,Bibliotheque,Institutionnel,194 avenue du Livre,Clermont-Ferrand,63,98299
435,Ecole Normale Superieure - Montpellier,Grossiste,Distribution,21 avenue du Livre,Montpellier,34,19539
436,Grossiste Livres Express - Paris,Ecole,Education,97 avenue du Livre,Paris,75,87015
437,France Loisirs - Lyon,Universite,Education,287 avenue du Livre,Lyon,69,38444
438,Chapitre.com - Marseille,Mediatheque,Institutionnel,246 avenue du Livre,Marseille,13,37379
439,Leslibraires.fr - Toulouse,Librairie,Librairie,171 avenue du Livre,Toulouse,31,49739
440,Amazon France - Bordeaux,Bibliotheque,Institutionnel,8 avenue du Livre,Bordeaux,33,37762
441,Librairie Gallimard - Nantes,Grossiste,Distribution,98 avenue du Livre,Nantes,44,25376
442,Librairie Gibert - Strasbourg,Ecole,Education,246 avenue du Livre,Strasbourg,67,41797
443,Fnac Livres - Lille,Universite,Education,105 avenue du Livre,Lille,59,61987
444,Cultura - Rennes,Mediatheque,Institutionnel,123 avenue du Livre,Rennes,35,82362
445,Librairie Mollat - Grenoble,Librairie,Librairie,165 avenue du Livre,Grenoble,38,47101
446,Librairie Decitre - Rouen,Bibliotheque,Institutionnel,195 avenue du Livre,Rouen,76,71112
447,Le Furet du Nord - Tours,Grossiste,Distribution,274 avenue du Livre,Tours,37,95029
448,Librairie Kleen - Dijon,Ecole,Education,184 avenue du Livre,Dijon,21,50425
449,Librairie Sauramps - Clermont-Ferrand,Universite,Education,134 avenue du Livre,Clermont-Ferrand,63,57139
450,Librairie Dialogues - Montpellier,Mediatheque,Institutionnel,263 avenue du Livre,Montpellier,34,75179
451,Bibliotheque Nationale - Paris,Librairie,Librairie,239 avenue du Livre,Paris,75,22924
452,BU Paris-Saclay - Lyon,Bibliotheque,Institutionnel,241 avenue du Livre,Lyon,69,51973
453,Mediatheque de Lyon - Marseille,Grossiste,Distribution,105 avenue du Livre,Marseille,13,58589
454,CDI Lycee Voltaire - Toulouse,Ecole,Education,161 avenue du Livre,Toulouse,31,64254
455,Ecole Normale Superieure - Bordeaux,Universite,Education,24 avenue du Livre,Bordeaux,33,83731
456,Grossiste Livres Express - Nantes,Mediatheque,Institutionnel,114 avenue du Livre,Nantes,44,29126
457,France Loisirs - Strasbourg,Librairie,Librairie,9 avenue du Livre,Strasbourg,67,44180
458,Chapitre.com - Lille,Bibliotheque,Institutionnel,284 avenue du Livre,Lille,59,86550
459,Leslibraires.fr - Rennes,Grossiste,Distribution,297 avenue du Livre,Rennes,35,64732
460,Amazon France - Grenoble,Ecole,Education,152 avenue du Livre,Grenoble,38,29976
461,Librairie Gallimard - Rouen,Universite,Education,101 avenue du Livre,Rouen,76,53236
462,Librairie Gibert - Tours,Mediatheque,Institutionnel,118 avenue du Livre,Tours,37,59786
463,Fnac Livres - Dijon,Librairie,Librairie,292 avenue du Livre,Dijon,21,42208
464,Cultura - Clermont-Ferrand,Bibliotheque,Institutionnel,256 avenue du Livre,Clermont-Ferrand,63,82173
465,Librairie Mollat - Montpellier,Grossiste,Distribution,173 avenue du Livre,Montpellier,34,43728
466,Librairie Decitre - Paris,Ecole,Education,251 avenue du Livre,Paris,75,94108
467,Le Furet du Nord - Lyon,Universite,Education,252 avenue du Livre,Lyon,69,70401
468,Librairie Kleen - Marseille,Mediatheque,Institutionnel,87 avenue du Livre,Marseille,13,56160
469,Librairie Sauramps - Toulouse,Librairie,Librairie,87 avenue du Livre,Toulouse,31,28344
470,Librairie Dialogues - Bordeaux,Bibliotheque,Institutionnel,280 avenue du Livre,Bordeaux,33,74004
471,Bibliotheque Nationale - Nantes,Grossiste,Distribution,95 avenue du Livre,Nantes,44,81058
472,BU Paris-Saclay - Strasbourg,Ecole,Education,31 avenue du Livre,Strasbourg,67,78674
473,Mediatheque de Lyon - Lille,Universite,Education,18 avenue du Livre,Lille,59,19742
474,CDI Lycee Voltaire - Rennes,Mediatheque,Institutionnel,25 avenue du Livre,Rennes,35,10836
475,Ecole Normale Superieure - Grenoble,Librairie,Librairie,212 avenue du Livre,Grenoble,38,28021
476,Grossiste Livres Express - Rouen,Bibliotheque,Institutionnel,119 avenue du Livre,Rouen,76,18908
477,France Loisirs - Tours,Grossiste,Distribution,78 avenue du Livre,Tours,37,11198
478,Chapitre.com - Dijon,Ecole,Education,112 avenue du Livre,Dijon,21,76287
479,Leslibraires.fr - Clermont-Ferrand,Universite,Education,234 avenue du Livre,Clermont-Ferrand,63,58916
480,Amazon France - Montpellier,Mediatheque,Institutionnel,31 avenue du Livre,Montpellier,34,90980
481,Librairie Gallimard - Paris,Librairie,Librairie,248 avenue du Livre,Paris,75,96413
482,Librairie Gibert - Lyon,Bibliotheque,Institutionnel,250 avenue du Livre,Lyon,69,12061
483,Fnac Livres - Marseille,Grossiste,Distribution,4 avenue du Livre,Marseille,13,79758
484,Cultura - Toulouse,Ecole,Education,283 avenue du Livre,Toulouse,31,63914
485,Librairie Mollat - Bordeaux,Universite,Education,7 avenue du Livre,Bordeaux,33,12192
486,Librairie Decitre - Nantes,Mediatheque,Institutionnel,272 avenue du Livre,Nantes,44,46010
487,Le Furet du Nord - Strasbourg,Librairie,Librairie,275 avenue du Livre,Strasbourg,67,47576
488,Librairie Kleen - Lille,Bibliotheque,Institutionnel,9 avenue du Livre,Lille,59,75826
489,Librairie Sauramps - Rennes,Grossiste,Distribution,221 avenue du Livre,Rennes,35,33496
490,Librairie Dialogues - Grenoble,Ecole,Education,55 avenue du Livre,Grenoble,38,22624
491,Bibliotheque Nationale - Rouen,Universite,Education,269 avenue du Livre,Rouen,76,29516
492,BU Paris-Saclay - Tours,Mediatheque,Institutionnel,124 avenue du Livre,Tours,37,35156
493,Mediatheque de Lyon - Dijon,Librairie,Librairie,270 avenue du Livre,Dijon,21,43084
494,CDI Lycee Voltaire - Clermont-Ferrand,Bibliotheque,Institutionnel,182 avenue du Livre,Clermont-Ferrand,63,45038
495,Ecole Normale Superieure - Montpellier,Grossiste,Distribution,204 avenue du Livre,Montpellier,34,20357
496,Grossiste Livres Express - Paris,Ecole,Education,192 avenue du Livre,Paris,75,63218
497,France Loisirs - Lyon,Universite,Education,236 avenue du Livre,Lyon,69,84055
498,Chapitre.com - Marseille,Mediatheque,Institutionnel,125 avenue du Livre,Marseille,13,39603
499,Leslibraires.fr - Toulouse,Librairie,Librairie,154 avenue du Livre,Toulouse,31,99658
500,Amazon France - Bordeaux,Bibliotheque,Institutionnel,42 avenue du Livre,Bordeaux,33,95686
501,Librairie Gallimard - Nantes,Grossiste,Distribution,17 avenue du Livre,Nantes,44,22255
502,Librairie Gibert - Strasbourg,Ecole,Education,208 avenue du Livre,Strasbourg,67,59710
503,Fnac Livres - Lille,Universite,Education,194 avenue du Livre,Lille,59,82443
504,Cultura - Rennes,Mediatheque,Institutionnel,244 avenue du Livre,Rennes,35,17355
505,Librairie Mollat - Grenoble,Librairie,Librairie,5 avenue du Livre,Grenoble,38,32463
506,Librairie Decitre - Rouen,Bibliotheque,Institutionnel,43 avenue du Livre,Rouen,76,75517
507,Le Furet du Nord - Tours,Grossiste,Distribution,223 avenue du Livre,Tours,37,94529
508,Librairie Kleen - Dijon,Ecole,Education,170 avenue du Livre,Dijon,21,84167
509,Librairie Sauramps - Clermont-Ferrand,Universite,Education,49 avenue du Livre,Clermont-Ferrand,63,79226
510,Librairie Dialogues - Montpellier,Mediatheque,Institutionnel,22 avenue du Livre,Montpellier,34,40115
511,Bibliotheque Nationale - Paris,Librairie,Librairie,109 avenue du Livre,Paris,75,84289
512,BU Paris-Saclay - Lyon,Bibliotheque,Institutionnel,244 avenue du Livre,Lyon,69,45532
513,Mediatheque de Lyon - Marseille,Grossiste,Distribution,24 avenue du Livre,Marseille,13,19744
514,CDI Lycee Voltaire - Toulouse,Ecole,Education,144 avenue du Livre,Toulouse,31,81176
515,Ecole Normale Superieure - Bordeaux,Universite,Education,289 avenue du Livre,Bordeaux,33,96259
516,Grossiste Livres Express - Nantes,Mediatheque,Institutionnel,17 avenue du Livre,Nantes,44,33508
517,France Loisirs - Strasbourg,Librairie,Librairie,162 avenue du Livre,Strasbourg,67,12052
518,Chapitre.com - Lille,Bibliotheque,Institutionnel,107 avenue du Livre,Lille,59,86943
519,Leslibraires.fr - Rennes,Grossiste,Distribution,74 avenue du Livre,Rennes,35,62205
520,Amazon France - Grenoble,Ecole,Education,40 avenue du Livre,Grenoble,38,49226
521,Librairie Gallimard - Rouen,Universite,Education,84 avenue du Livre,Rouen,76,83919
522,Librairie Gibert - Tours,Mediatheque,Institutionnel,124 avenue du Livre,Tours,37,84277
523,Fnac Livres - Dijon,Librairie,Librairie,200 avenue du Livre,Dijon,21,98740
524,Cultura - Clermont-Ferrand,Bibliotheque,Institutionnel,277 avenue du Livre,Clermont-Ferrand,63,53480
525,Librairie Mollat - Montpellier,Grossiste,Distribution,197 avenue du Livre,Montpellier,34,28343
526,Librairie Decitre - Paris,Ecole,Education,41 avenue du Livre,Paris,75,75639
527,Le Furet du Nord - Lyon,Universite,Education,178 avenue du Livre,Lyon,69,17038
528,Librairie Kleen - Marseille,Mediatheque,Institutionnel,51 avenue du Livre,Marseille,13,67290
529,Librairie Sauramps - Toulouse,Librairie,Librairie,119 avenue du Livre,Toulouse,31,19963
530,Librairie Dialogues - Bordeaux,Bibliotheque,Institutionnel,175 avenue du Livre,Bordeaux,33,89320
531,Bibliotheque Nationale - Nantes,Grossiste,Distribution,204 avenue du Livre,Nantes,44,52778
532,BU Paris-Saclay - Strasbourg,Ecole,Education,16 avenue du Livre,Strasbourg,67,93115
533,Mediatheque de Lyon - Lille,Universite,Education,140 avenue du Livre,Lille,59,69054
534,CDI Lycee Voltaire - Rennes,Mediatheque,Institutionnel,252 avenue du Livre,Rennes,35,39902
535,Ecole Normale Superieure - Grenoble,Librairie,Librairie,183 avenue du Livre,Grenoble,38,82487
536,Grossiste Livres Express - Rouen,Bibliotheque,Institutionnel,193 avenue du Livre,Rouen,76,66603
537,France Loisirs - Tours,Grossiste,Distribution,96 avenue du Livre,Tours,37,99088
538,Chapitre.com - Dijon,Ecole,Education,300 avenue du Livre,Dijon,21,96595
539,Leslibraires.fr - Clermont-Ferrand,Universite,Education,195 avenue du Livre,Clermont-Ferrand,63,21232
540,Amazon France - Montpellier,Mediatheque,Institutionnel,152 avenue du Livre,Montpellier,34,42302
541,Librairie Gallimard - Paris,Librairie,Librairie,38 avenue du Livre,Paris,75,20752
542,Librairie Gibert - Lyon,Bibliotheque,Institutionnel,138 avenue du Livre,Lyon,69,30214
543,Fnac Livres - Marseille,Grossiste,Distribution,195 avenue du Livre,Marseille,13,93086
544,Cultura - Toulouse,Ecole,Education,79 avenue du Livre,Toulouse,31,61068
545,Librairie Mollat - Bordeaux,Universite,Education,163 avenue du Livre,Bordeaux,33,57277
546,Librairie Decitre - Nantes,Mediatheque,Institutionnel,55 avenue du Livre,Nantes,44,21995
547,Le Furet du Nord - Strasbourg,Librairie,Librairie,3 avenue du Livre,Strasbourg,67,50405
548,Librairie Kleen - Lille,Bibliotheque,Institutionnel,228 avenue du Livre,Lille,59,57175
549,Librairie Sauramps - Rennes,Grossiste,Distribution,139 avenue du Livre,Rennes,35,23399
550,Librairie Dialogues - Grenoble,Ecole,Education,68 avenue du Livre,Grenoble,38,21442
551,Bibliotheque Nationale - Rouen,Universite,Education,96 avenue du Livre,Rouen,76,66489
552,BU Paris-Saclay - Tours,Mediatheque,Institutionnel,230 avenue du Livre,Tours,37,83005
553,Mediatheque de Lyon - Dijon,Librairie,Librairie,285 avenue du Livre,Dijon,21,77166
554,CDI Lycee Voltaire - Clermont-Ferrand,Bibliotheque,Institutionnel,209 avenue du Livre,Clermont-Ferrand,63,23538
555,Ecole Normale Superieure - Montpellier,Grossiste,Distribution,14 avenue du Livre,Montpellier,34,21746
556,Grossiste Livres Express - Paris,Ecole,Education,182 avenue du Livre,Paris,75,82642
557,France Loisirs - Lyon,Universite,Education,48 avenue du Livre,Lyon,69,88240
558,Chapitre.com - Marseille,Mediatheque,Institutionnel,167 avenue du Livre,Marseille,13,60493
559,Leslibraires.fr - Toulouse,Librairie,Librairie,7 avenue du Livre,Toulouse,31,48253
560,Amazon France - Bordeaux,Bibliotheque,Institutionnel,212 avenue du Livre,Bordeaux,33,60829
561,Librairie Gallimard - Nantes,Grossiste,Distribution,44 avenue du Livre,Nantes,44,83339
562,Librairie Gibert - Strasbourg,Ecole,Education,125 avenue du Livre,Strasbourg,67,84967
563,Fnac Livres - Lille,Universite,Education,267 avenue du Livre,Lille,59,32227
564,Cultura - Rennes,Mediatheque,Institutionnel,195 avenue du Livre,Rennes,35,32216
565,Librairie Mollat - Grenoble,Librairie,Librairie,72 avenue du Livre,Grenoble,38,45247
566,Librairie Decitre - Rouen,Bibliotheque,Institutionnel,155 avenue du Livre,Rouen,76,45180
567,Le Furet du Nord - Tours,Grossiste,Distribution,253 avenue du Livre,Tours,37,29127
568,Librairie Kleen - Dijon,Ecole,Education,33 avenue du Livre,Dijon,21,31916
569,Librairie Sauramps - Clermont-Ferrand,Universite,Education,223 avenue du Livre,Clermont-Ferrand,63,46170
570,Librairie Dialogues - Montpellier,Mediatheque,Institutionnel,216 avenue du Livre,Montpellier,34,49289
571,Bibliotheque Nationale - Paris,Librairie,Librairie,248 avenue du Livre,Paris,75,20082
572,BU Paris-Saclay - Lyon,Bibliotheque,Institutionnel,185 avenue du Livre,Lyon,69,42990
573,Mediatheque de Lyon - Marseille,Grossiste,Distribution,127 avenue du Livre,Marseille,13,91924
574,CDI Lycee Voltaire - Toulouse,Ecole,Education,254 avenue du Livre,Toulouse,31,87831
575,Ecole Normale Superieure - Bordeaux,Universite,Education,101 avenue du Livre,Bordeaux,33,70012
576,Grossiste Livres Express - Nantes,Mediatheque,Institutionnel,55 avenue du Livre,Nantes,44,27758
577,France Loisirs - Strasbourg,Librairie,Librairie,156 avenue du Livre,Strasbourg,67,10887
578,Chapitre.com - Lille,Bibliotheque,Institutionnel,203 avenue du Livre,Lille,59,53544
579,Leslibraires.fr - Rennes,Grossiste,Distribution,195 avenue du Livre,Rennes,35,53193
580,Amazon France - Grenoble,Ecole,Education,226 avenue du Livre,Grenoble,38,53874
581,Librairie Gallimard - Rouen,Universite,Education,221 avenue du Livre,Rouen,76,95332
582,Librairie Gibert - Tours,Mediatheque,Institutionnel,70 avenue du Livre,Tours,37,49378
583,Fnac Livres - Dijon,Librairie,Librairie,165 avenue du Livre,Dijon,21,89064
584,Cultura - Clermont-Ferrand,Bibliotheque,Institutionnel,103 avenue du Livre,Clermont-Ferrand,63,72784
585,Librairie Mollat - Montpellier,Grossiste,Distribution,161 avenue du Livre,Montpellier,34,33283
586,Librairie Decitre - Paris,Ecole,Education,204 avenue du Livre,Paris,75,51830
587,Le Furet du Nord - Lyon,Universite,Education,150 avenue du Livre,Lyon,69,92955
588,Librairie Kleen - Marseille,Mediatheque,Institutionnel,252 avenue du Livre,Marseille,13,85481
589,Librairie Sauramps - Toulouse,Librairie,Librairie,125 avenue du Livre,Toulouse,31,52714
590,Librairie Dialogues - Bordeaux,Bibliotheque,Institutionnel,193 avenue du Livre,Bordeaux,33,46739
591,Bibliotheque Nationale - Nantes,Grossiste,Distribution,202 avenue du Livre,Nantes,44,57843
592,BU Paris-Saclay - Strasbourg,Ecole,Education,59 avenue du Livre,Strasbourg,67,83905
593,Mediatheque de Lyon - Lille,Universite,Education,103 avenue du Livre,Lille,59,87624
594,CDI Lycee Voltaire - Rennes,Mediatheque,Institutionnel,280 avenue du Livre,Rennes,35,33583
595,Ecole Normale Superieure - Grenoble,Librairie,Librairie,282 avenue du Livre,Grenoble,38,13527
596,Grossiste Livres Express - Rouen,Bibliotheque,Institutionnel,237 avenue du Livre,Rouen,76,37479
597,France Loisirs - Tours,Grossiste,Distribution,225 avenue du Livre,Tours,37,48185
598,Chapitre.com - Dijon,Ecole,Education,36 avenue du Livre,Dijon,21,63627
599,Leslibraires.fr - Clermont-Ferrand,Universite,Education,256 avenue du Livre,Clermont-Ferrand,63,28242
600,Amazon France - Montpellier,Mediatheque,Institutionnel,156 avenue du Livre,Montpellier,34,41722
601,Librairie Gallimard - Paris,Librairie,Librairie,130 avenue du Livre,Paris,75,96332
602,Librairie Gibert - Lyon,Bibliotheque,Institutionnel,79 avenue du Livre,Lyon,69,65460
603,Fnac Livres - Marseille,Grossiste,Distribution,194 avenue du Livre,Marseille,13,19694
604,Cultura - Toulouse,Ecole,Education,230 avenue du Livre,Toulouse,31,88372
605,Librairie Mollat - Bordeaux,Universite,Education,246 avenue du Livre,Bordeaux,33,86315
606,Librairie Decitre - Nantes,Mediatheque,Institutionnel,206 avenue du Livre,Nantes,44,80040
607,Le Furet du Nord - Strasbourg,Librairie,Librairie,260 avenue du Livre,Strasbourg,67,64827
608,Librairie Kleen - Lille,Bibliotheque,Institutionnel,279 avenue du Livre,Lille,59,14818
609,Librairie Sauramps - Rennes,Grossiste,Distribution,185 avenue du Livre,Rennes,35,80373
610,Librairie Dialogues - Grenoble,Ecole,Education,44 avenue du Livre,Grenoble,38,24335
611,Bibliotheque Nationale - Rouen,Universite,Education,128 avenue du Livre,Rouen,76,96193
612,BU Paris-Saclay - Tours,Mediatheque,Institutionnel,182 avenue du Livre,Tours,37,31802
613,Mediatheque de Lyon - Dijon,Librairie,Librairie,23 avenue du Livre,Dijon,21,83822
614,CDI Lycee Voltaire - Clermont-Ferrand,Bibliotheque,Institutionnel,205 avenue du Livre,Clermont-Ferrand,63,53463
615,Ecole Normale Superieure - Montpellier,Grossiste,Distribution,221 avenue du Livre,Montpellier,34,23886
616,Grossiste Livres Express - Paris,Ecole,Education,6 avenue du Livre,Paris,75,22924
617,France Loisirs - Lyon,Universite,Education,133 avenue du Livre,Lyon,69,39098
618,Chapitre.com - Marseille,Mediatheque,Institutionnel,262 avenue du Livre,Marseille,13,77999
619,Leslibraires.fr - Toulouse,Librairie,Librairie,286 avenue du Livre,Toulouse,31,86089
620,Amazon France - Bordeaux,Bibliotheque,Institutionnel,295 avenue du Livre,Bordeaux,33,38971
621,Librairie Gallimard - Nantes,Grossiste,Distribution,229 avenue du Livre,Nantes,44,59036
622,Librairie Gibert - Strasbourg,Ecole,Education,201 avenue du Livre,Strasbourg,67,70694
623,Fnac Livres - Lille,Universite,Education,257 avenue du Livre,Lille,59,29758
624,Cultura - Rennes,Mediatheque,Institutionnel,177 avenue du Livre,Rennes,35,13219
625,Librairie Mollat - Grenoble,Librairie,Librairie,248 avenue du Livre,Grenoble,38,23703
626,Librairie Decitre - Rouen,Bibliotheque,Institutionnel,152 avenue du Livre,Rouen,76,64522
627,Le Furet du Nord - Tours,Grossiste,Distribution,44 avenue du Livre,Tours,37,25213
628,Librairie Kleen - Dijon,Ecole,Education,73 avenue du Livre,Dijon,21,55656
629,Librairie Sauramps - Clermont-Ferrand,Universite,Education,160 avenue du Livre,Clermont-Ferrand,63,54966
630,Librairie Dialogues - Montpellier,Mediatheque,Institutionnel,234 avenue du Livre,Montpellier,34,37114
631,Bibliotheque Nationale - Paris,Librairie,Librairie,267 avenue du Livre,Paris,75,73298
632,BU Paris-Saclay - Lyon,Bibliotheque,Institutionnel,179 avenue du Livre,Lyon,69,72411
633,Mediatheque de Lyon - Marseille,Grossiste,Distribution,50 avenue du Livre,Marseille,13,67431
634,CDI Lycee Voltaire - Toulouse,Ecole,Education,232 avenue du Livre,Toulouse,31,51800
635,Ecole Normale Superieure - Bordeaux,Universite,Education,35 avenue du Livre,Bordeaux,33,49356
636,Grossiste Livres Express - Nantes,Mediatheque,Institutionnel,23 avenue du Livre,Nantes,44,25084
637,France Loisirs - Strasbourg,Librairie,Librairie,12 avenue du Livre,Strasbourg,67,54967
638,Chapitre.com - Lille,Bibliotheque,Institutionnel,56 avenue du Livre,Lille,59,98754
639,Leslibraires.fr - Rennes,Grossiste,Distribution,85 avenue du Livre,Rennes,35,41970
640,Amazon France - Grenoble,Ecole,Education,265 avenue du Livre,Grenoble,38,32865
641,Librairie Gallimard - Rouen,Universite,Education,283 avenue du Livre,Rouen,76,30989
642,Librairie Gibert - Tours,Mediatheque,Institutionnel,170 avenue du Livre,Tours,37,83380
643,Fnac Livres - Dijon,Librairie,Librairie,219 avenue du Livre,Dijon,21,70562
644,Cultura - Clermont-Ferrand,Bibliotheque,Institutionnel,119 avenue du Livre,Clermont-Ferrand,63,63090
645,Librairie Mollat - Montpellier,Grossiste,Distribution,95 avenue du Livre,Montpellier,34,34430
646,Librairie Decitre - Paris,Ecole,Education,222 avenue du Livre,Paris,75,61849
647,Le Furet du Nord - Lyon,Universite,Education,15 avenue du Livre,Lyon,69,90492
648,Librairie Kleen - Marseille,Mediatheque,Institutionnel,102 avenue du Livre,Marseille,13,68926
649,Librairie Sauramps - Toulouse,Librairie,Librairie,220 avenue du Livre,Toulouse,31,60965
650,Librairie Dialogues - Bordeaux,Bibliotheque,Institutionnel,3 avenue du Livre,Bordeaux,33,38153
651,Bibliotheque Nationale - Nantes,Grossiste,Distribution,106 avenue du Livre,Nantes,44,46483
652,BU Paris-Saclay - Strasbourg,Ecole,Education,33 avenue du Livre,Strasbourg,67,85674
653,Mediatheque de Lyon - Lille,Universite,Education,53 avenue du Livre,Lille,59,80371
654,CDI Lycee Voltaire - Rennes,Mediatheque,Institutionnel,96 avenue du Livre,Rennes,35,57945
655,Ecole Normale Superieure - Grenoble,Librairie,Librairie,167 avenue du Livre,Grenoble,38,35830
656,Grossiste Livres Express - Rouen,Bibliotheque,Institutionnel,235 avenue du Livre,Rouen,76,24936
657,France Loisirs - Tours,Grossiste,Distribution,135 avenue du Livre,Tours,37,97910
658,Chapitre.com - Dijon,Ecole,Education,251 avenue du Livre,Dijon,21,79168
659,Leslibraires.fr - Clermont-Ferrand,Universite,Education,161 avenue du Livre,Clermont-Ferrand,63,88246
660,Amazon France - Montpellier,Mediatheque,Institutionnel,199 avenue du Livre,Montpellier,34,90125
661,Librairie Gallimard - Paris,Librairie,Librairie,201 avenue du Livre,Paris,75,86939
662,Librairie Gibert - Lyon,Bibliotheque,Institutionnel,59 avenue du Livre,Lyon,69,55603
663,Fnac Livres - Marseille,Grossiste,Distribution,181 avenue du Livre,Marseille,13,70012
664,Cultura - Toulouse,Ecole,Education,89 avenue du Livre,Toulouse,31,98288
665,Librairie Mollat - Bordeaux,Universite,Education,153 avenue du Livre,Bordeaux,33,90541
666,Librairie Decitre - Nantes,Mediatheque,Institutionnel,44 avenue du Livre,Nantes,44,98094
667,Le Furet du Nord - Strasbourg,Librairie,Librairie,69 avenue du Livre,Strasbourg,67,51049
668,Librairie Kleen - Lille,Bibliotheque,Institutionnel,61 avenue du Livre,Lille,59,41270
669,Librairie Sauramps - Rennes,Grossiste,Distribution,157 avenue du Livre,Rennes,35,25328
670,Librairie Dialogues - Grenoble,Ecole,Education,94 avenue du Livre,Grenoble,38,58929
671,Bibliotheque Nationale - Rouen,Universite,Education,73 avenue du Livre,Rouen,76,76954
672,BU Paris-Saclay - Tours,Mediatheque,Institutionnel,199 avenue du Livre,Tours,37,64819
673,Mediatheque de Lyon - Dijon,Librairie,Librairie,71 avenue du Livre,Dijon,21,85340
674,CDI Lycee Voltaire - Clermont-Ferrand,Bibliotheque,Institutionnel,197 avenue du Livre,Clermont-Ferrand,63,65448
675,Ecole Normale Superieure - Montpellier,Grossiste,Distribution,96 avenue du Livre,Montpellier,34,73788
676,Grossiste Livres Express - Paris,Ecole,Education,276 avenue du Livre,Paris,75,94575
677,France Loisirs - Lyon,Universite,Education,89 avenue du Livre,Lyon,69,82733
678,Chapitre.com - Marseille,Mediatheque,Institutionnel,86 avenue du Livre,Marseille,13,74178
679,Leslibraires.fr - Toulouse,Librairie,Librairie,148 avenue du Livre,Toulouse,31,28388
680,Amazon France - Bordeaux,Bibliotheque,Institutionnel,96 avenue du Livre,Bordeaux,33,51232
681,Librairie Gallimard - Nantes,Grossiste,Distribution,231 avenue du Livre,Nantes,44,91187
682,Librairie Gibert - Strasbourg,Ecole,Education,28 avenue du Livre,Strasbourg,67,57059
683,Fnac Livres - Lille,Universite,Education,5 avenue du Livre,Lille,59,73518
684,Cultura - Rennes,Mediatheque,Institutionnel,70 avenue du Livre,Rennes,35,35575
685,Librairie Mollat - Grenoble,Librairie,Librairie,197 avenue du Livre,Grenoble,38,83607
686,Librairie Decitre - Rouen,Bibliotheque,Institutionnel,259 avenue du Livre,Rouen,76,95599
687,Le Furet du Nord - Tours,Grossiste,Distribution,254 avenue du Livre,Tours,37,63626
688,Librairie Kleen - Dijon,Ecole,Education,252 avenue du Livre,Dijon,21,64477
689,Librairie Sauramps - Clermont-Ferrand,Universite,Education,228 avenue du Livre,Clermont-Ferrand,63,74054
690,Librairie Dialogues - Montpellier,Mediatheque,Institutionnel,86 avenue du Livre,Montpellier,34,20835
691,Bibliotheque Nationale - Paris,Librairie,Librairie,290 avenue du Livre,Paris,75,14044
692,BU Paris-Saclay - Lyon,Bibliotheque,Institutionnel,113 avenue du Livre,Lyon,69,48284
693,Mediatheque de Lyon - Marseille,Grossiste,Distribution,17 avenue du Livre,Marseille,13,46025
694,CDI Lycee Voltaire - Toulouse,Ecole,Education,116 avenue du Livre,Toulouse,31,80465
695,Ecole Normale Superieure - Bordeaux,Universite,Education,148 avenue du Livre,Bordeaux,33,32047
696,Grossiste Livres Express - Nantes,Mediatheque,Institutionnel,235 avenue du Livre,Nantes,44,84140
697,France Loisirs - Strasbourg,Librairie,Librairie,254 avenue du Livre,Strasbourg,67,82053
698,Chapitre.com - Lille,Bibliotheque,Institutionnel,262 avenue du Livre,Lille,59,24838
699,Leslibraires.fr - Rennes,Grossiste,Distribution,294 avenue du Livre,Rennes,35,24969
700,Amazon France - Grenoble,Ecole,Education,138 avenue du Livre,Grenoble,38,81186
701,Librairie Gallimard - Rouen,Universite,Education,188 avenue du Livre,Rouen,76,81046
702,Librairie Gibert - Tours,Mediatheque,Institutionnel,22 avenue du Livre,Tours,37,67850
703,Fnac Livres - Dijon,Librairie,Librairie,280 avenue du Livre,Dijon,21,38644
704,Cultura - Clermont-Ferrand,Bibliotheque,Institutionnel,218 avenue du Livre,Clermont-Ferrand,63,23423
705,Librairie Mollat - Montpellier,Grossiste,Distribution,127 avenue du Livre,Montpellier,34,49021
706,Librairie Decitre - Paris,Ecole,Education,17 avenue du Livre,Paris,75,68947
707,Le Furet du Nord - Lyon,Universite,Education,135 avenue du Livre,Lyon,69,55688
708,Librairie Kleen - Marseille,Mediatheque,Institutionnel,45 avenue du Livre,Marseille,13,67549
709,Librairie Sauramps - Toulouse,Librairie,Librairie,61 avenue du Livre,Toulouse,31,41056
710,Librairie Dialogues - Bordeaux,Bibliotheque,Institutionnel,108 avenue du Livre,Bordeaux,33,87060
711,Bibliotheque Nationale - Nantes,Grossiste,Distribution,180 avenue du Livre,Nantes,44,89988
712,BU Paris-Saclay - Strasbourg,Ecole,Education,220 avenue du Livre,Strasbourg,67,31755
713,Mediatheque de Lyon - Lille,Universite,Education,72 avenue du Livre,Lille,59,37082
714,CDI Lycee Voltaire - Rennes,Mediatheque,Institutionnel,106 avenue du Livre,Rennes,35,17780
715,Ecole Normale Superieure - Grenoble,Librairie,Librairie,292 avenue du Livre,Grenoble,38,55982
716,Grossiste Livres Express - Rouen,Bibliotheque,Institutionnel,273 avenue du Livre,Rouen,76,46842
717,France Loisirs - Tours,Grossiste,Distribution,276 avenue du Livre,Tours,37,32069
718,Chapitre.com - Dijon,Ecole,Education,166 avenue du Livre,Dijon,21,48356
719,Leslibraires.fr - Clermont-Ferrand,Universite,Education,149 avenue du Livre,Clermont-Ferrand,63,85069
720,Amazon France - Montpellier,Mediatheque,Institutionnel,137 avenue du Livre,Montpellier,34,77425
721,Librairie Gallimard - Paris,Librairie,Librairie,49 avenue du Livre,Paris,75,27771
722,Librairie Gibert - Lyon,Bibliotheque,Institutionnel,211 avenue du Livre,Lyon,69,17770
723,Fnac Livres - Marseille,Grossiste,Distribution,142 avenue du Livre,Marseille,13,95969
724,Cultura - Toulouse,Ecole,Education,65 avenue du Livre,Toulouse,31,27392
725,Librairie Mollat - Bordeaux,Universite,Education,128 avenue du Livre,Bordeaux,33,29168
726,Librairie Decitre - Nantes,Mediatheque,Institutionnel,165 avenue du Livre,Nantes,44,42447
727,Le Furet du Nord - Strasbourg,Librairie,Librairie,202 avenue du Livre,Strasbourg,67,74154
728,Librairie Kleen - Lille,Bibliotheque,Institutionnel,73 avenue du Livre,Lille,59,85684
729,Librairie Sauramps - Rennes,Grossiste,Distribution,138 avenue du Livre,Rennes,35,92288
730,Librairie Dialogues - Grenoble,Ecole,Education,213 avenue du Livre,Grenoble,38,59174
731,Bibliotheque Nationale - Rouen,Universite,Education,232 avenue du Livre,Rouen,76,19898
732,BU Paris-Saclay - Tours,Mediatheque,Institutionnel,48 avenue du Livre,Tours,37,62802
733,Mediatheque de Lyon - Dijon,Librairie,Librairie,264 avenue du Livre,Dijon,21,46467
734,CDI Lycee Voltaire - Clermont-Ferrand,Bibliotheque,Institutionnel,189 avenue du Livre,Clermont-Ferrand,63,69597
735,Ecole Normale Superieure - Montpellier,Grossiste,Distribution,250 avenue du Livre,Montpellier,34,52898
736,Grossiste Livres Express - Paris,Ecole,Education,298 avenue du Livre,Paris,75,10324
737,France Loisirs - Lyon,Universite,Education,48 avenue du Livre,Lyon,69,70089
738,Chapitre.com - Marseille,Mediatheque,Institutionnel,184 avenue du Livre,Marseille,13,18300
739,Leslibraires.fr - Toulouse,Librairie,Librairie,274 avenue du Livre,Toulouse,31,62129
740,Amazon France - Bordeaux,Bibliotheque,Institutionnel,112 avenue du Livre,Bordeaux,33,66314
741,Librairie Gallimard - Nantes,Grossiste,Distribution,109 avenue du Livre,Nantes,44,74843
742,Librairie Gibert - Strasbourg,Ecole,Education,138 avenue du Livre,Strasbourg,67,52318
743,Fnac Livres - Lille,Universite,Education,146 avenue du Livre,Lille,59,54270
744,Cultura - Rennes,Mediatheque,Institutionnel,281 avenue du Livre,Rennes,35,85750
745,Librairie Mollat - Grenoble,Librairie,Librairie,67 avenue du Livre,Grenoble,38,84205
746,Librairie Decitre - Rouen,Bibliotheque,Institutionnel,249 avenue du Livre,Rouen,76,55054
747,Le Furet du Nord - Tours,Grossiste,Distribution,25 avenue du Livre,Tours,37,16021
748,Librairie Kleen - Dijon,Ecole,Education,51 avenue du Livre,Dijon,21,92074
749,Librairie Sauramps - Clermont-Ferrand,Universite,Education,236 avenue du Livre,Clermont-Ferrand,63,12134
750,Librairie Dialogues - Montpellier,Mediatheque,Institutionnel,64 avenue du Livre,Montpellier,34,30707
751,Bibliotheque Nationale - Paris,Librairie,Librairie,226 avenue du Livre,Paris,75,69836
752,BU Paris-Saclay - Lyon,Bibliotheque,Institutionnel,1 avenue du Livre,Lyon,69,66072
753,Mediatheque de Lyon - Marseille,Grossiste,Distribution,104 avenue du Livre,Marseille,13,27290
754,CDI Lycee Voltaire - Toulouse,Ecole,Education,155 avenue du Livre,Toulouse,31,30837
755,Ecole Normale Superieure - Bordeaux,Universite,Education,141 avenue du Livre,Bordeaux,33,22234
756,Grossiste Livres Express - Nantes,Mediatheque,Institutionnel,185 avenue du Livre,Nantes,44,42819
757,France Loisirs - Strasbourg,Librairie,Librairie,43 avenue du Livre,Strasbourg,67,58738
758,Chapitre.com - Lille,Bibliotheque,Institutionnel,85 avenue du Livre,Lille,59,16787
759,Leslibraires.fr - Rennes,Grossiste,Distribution,203 avenue du Livre,Rennes,35,91999
760,Amazon France - Grenoble,Ecole,Education,157 avenue du Livre,Grenoble,38,40689
761,Librairie Gallimard - Rouen,Universite,Education,220 avenue du Livre,Rouen,76,95915
762,Librairie Gibert - Tours,Mediatheque,Institutionnel,47 avenue du Livre,Tours,37,22475
763,Fnac Livres - Dijon,Librairie,Librairie,1 avenue du Livre,Dijon,21,37973
764,Cultura - Clermont-Ferrand,Bibliotheque,Institutionnel,245 avenue du Livre,Clermont-Ferrand,63,20215
765,Librairie Mollat - Montpellier,Grossiste,Distribution,68 avenue du Livre,Montpellier,34,87814
766,Librairie Decitre - Paris,Ecole,Education,116 avenue du Livre,Paris,75,78084
767,Le Furet du Nord - Lyon,Universite,Education,228 avenue du Livre,Lyon,69,11217
768,Librairie Kleen - Marseille,Mediatheque,Institutionnel,5 avenue du Livre,Marseille,13,55032
769,Librairie Sauramps - Toulouse,Librairie,Librairie,62 avenue du Livre,Toulouse,31,65353
770,Librairie Dialogues - Bordeaux,Bibliotheque,Institutionnel,68 avenue du Livre,Bordeaux,33,72613
771,Bibliotheque Nationale - Nantes,Grossiste,Distribution,37 avenue du Livre,Nantes,44,40008
772,BU Paris-Saclay - Strasbourg,Ecole,Education,197 avenue du Livre,Strasbourg,67,21708
773,Mediatheque de Lyon - Lille,Universite,Education,53 avenue du Livre,Lille,59,23526
774,CDI Lycee Voltaire - Rennes,Mediatheque,Institutionnel,161 avenue du Livre,Rennes,35,58177
775,Ecole Normale Superieure - Grenoble,Librairie,Librairie,154 avenue du Livre,Grenoble,38,27973
776,Grossiste Livres Express - Rouen,Bibliotheque,Institutionnel,196 avenue du Livre,Rouen,76,27451
777,France Loisirs - Tours,Grossiste,Distribution,74 avenue du Livre,Tours,37,18966
778,Chapitre.com - Dijon,Ecole,Education,272 avenue du Livre,Dijon,21,83831
779,Leslibraires.fr - Clermont-Ferrand,Universite,Education,5 avenue du Livre,Clermont-Ferrand,63,89995
780,Amazon France - Montpellier,Mediatheque,Institutionnel,85 avenue du Livre,Montpellier,34,67684
781,Librairie Gallimard - Paris,Librairie,Librairie,180 avenue du Livre,Paris,75,37925
782,Librairie Gibert - Lyon,Bibliotheque,Institutionnel,78 avenue du Livre,Lyon,69,63963
783,Fnac Livres - Marseille,Grossiste,Distribution,227 avenue du Livre,Marseille,13,38474
784,Cultura - Toulouse,Ecole,Education,45 avenue du Livre,Toulouse,31,23168
785,Librairie Mollat - Bordeaux,Universite,Education,72 avenue du Livre,Bordeaux,33,26142
786,Librairie Decitre - Nantes,Mediatheque,Institutionnel,197 avenue du Livre,Nantes,44,56076
787,Le Furet du Nord - Strasbourg,Librairie,Librairie,220 avenue du Livre,Strasbourg,67,51222
788,Librairie Kleen - Lille,Bibliotheque,Institutionnel,72 avenue du Livre,Lille,59,42477
789,Librairie Sauramps - Rennes,Grossiste,Distribution,142 avenue du Livre,Rennes,35,94491
790,Librairie Dialogues - Grenoble,Ecole,Education,44 avenue du Livre,Grenoble,38,42527
791,Bibliotheque Nationale - Rouen,Universite,Education,284 avenue du Livre,Rouen,76,88774
792,BU Paris-Saclay - Tours,Mediatheque,Institutionnel,146 avenue du Livre,Tours,37,13515
793,Mediatheque de Lyon - Dijon,Librairie,Librairie,155 avenue du Livre,Dijon,21,36928
794,CDI Lycee Voltaire - Clermont-Ferrand,Bibliotheque,Institutionnel,266 avenue du Livre,Clermont-Ferrand,63,89551
795,Ecole Normale Superieure - Montpellier,Grossiste,Distribution,261 avenue du Livre,Montpellier,34,34726
796,Grossiste Livres Express - Paris,Ecole,Education,201 avenue du Livre,Paris,75,48737
797,France Loisirs - Lyon,Universite,Education,28 avenue du Livre,Lyon,69,41370
798,Chapitre.com - Marseille,Mediatheque,Institutionnel,254 avenue du Livre,Marseille,13,60578
799,Leslibraires.fr - Toulouse,Librairie,Librairie,58 avenue du Livre,Toulouse,31,41599
800,Amazon France - Bordeaux,Bibliotheque,Institutionnel,256 avenue du Livre,Bordeaux,33,93634
801,Librairie Gallimard - Nantes,Grossiste,Distribution,37 avenue du Livre,Nantes,44,79243
802,Librairie Gibert - Strasbourg,Ecole,Education,7 avenue du Livre,Strasbourg,67,57329
803,Fnac Livres - Lille,Universite,Education,163 avenue du Livre,Lille,59,27299
804,Cultura - Rennes,Mediatheque,Institutionnel,199 avenue du Livre,Rennes,35,84498
805,Librairie Mollat - Grenoble,Librairie,Librairie,216 avenue du Livre,Grenoble,38,57895
806,Librairie Decitre - Rouen,Bibliotheque,Institutionnel,280 avenue du Livre,Rouen,76,99514
807,Le Furet du Nord - Tours,Grossiste,Distribution,89 avenue du Livre,Tours,37,71736
808,Librairie Kleen - Dijon,Ecole,Education,38 avenue du Livre,Dijon,21,12187
809,Librairie Sauramps - Clermont-Ferrand,Universite,Education,35 avenue du Livre,Clermont-Ferrand,63,11807
810,Librairie Dialogues - Montpellier,Mediatheque,Institutionnel,135 avenue du Livre,Montpellier,34,38277
811,Bibliotheque Nationale - Paris,Librairie,Librairie,21 avenue du Livre,Paris,75,17925
812,BU Paris-Saclay - Lyon,Bibliotheque,Institutionnel,204 avenue du Livre,Lyon,69,76402
813,Mediatheque de Lyon - Marseille,Grossiste,Distribution,147 avenue du Livre,Marseille,13,92388
814,CDI Lycee Voltaire - Toulouse,Ecole,Education,257 avenue du Livre,Toulouse,31,64451
815,Ecole Normale Superieure - Bordeaux,Universite,Education,217 avenue du Livre,Bordeaux,33,62727
816,Grossiste Livres Express - Nantes,Mediatheque,Institutionnel,43 avenue du Livre,Nantes,44,93956
817,France Loisirs - Strasbourg,Librairie,Librairie,275 avenue du Livre,Strasbourg,67,80471
818,Chapitre.com - Lille,Bibliotheque,Institutionnel,79 avenue du Livre,Lille,59,46368
819,Leslibraires.fr - Rennes,Grossiste,Distribution,43 avenue du Livre,Rennes,35,50620
820,Amazon France - Grenoble,Ecole,Education,41 avenue du Livre,Grenoble,38,77017
821,Librairie Gallimard - Rouen,Universite,Education,105 avenue du Livre,Rouen,76,30365
822,Librairie Gibert - Tours,Mediatheque,Institutionnel,275 avenue du Livre,Tours,37,52827
823,Fnac Livres - Dijon,Librairie,Librairie,201 avenue du Livre,Dijon,21,86865
824,Cultura - Clermont-Ferrand,Bibliotheque,Institutionnel,34 avenue du Livre,Clermont-Ferrand,63,50654
825,Librairie Mollat - Montpellier,Grossiste,Distribution,224 avenue du Livre,Montpellier,34,41278
826,Librairie Decitre - Paris,Ecole,Education,30 avenue du Livre,Paris,75,42044
827,Le Furet du Nord - Lyon,Universite,Education,45 avenue du Livre,Lyon,69,66948
828,Librairie Kleen - Marseille,Mediatheque,Institutionnel,60 avenue du Livre,Marseille,13,69424
829,Librairie Sauramps - Toulouse,Librairie,Librairie,29 avenue du Livre,Toulouse,31,50539
830,Librairie Dialogues - Bordeaux,Bibliotheque,Institutionnel,90 avenue du Livre,Bordeaux,33,25655
831,Bibliotheque Nationale - Nantes,Grossiste,Distribution,7 avenue du Livre,Nantes,44,27984
832,BU Paris-Saclay - Strasbourg,Ecole,Education,6 avenue du Livre,Strasbourg,67,31473
833,Mediatheque de Lyon - Lille,Universite,Education,255 avenue du Livre,Lille,59,55443
834,CDI Lycee Voltaire - Rennes,Mediatheque,Institutionnel,268 avenue du Livre,Rennes,35,77793
835,Ecole Normale Superieure - Grenoble,Librairie,Librairie,133 avenue du Livre,Grenoble,38,31884
836,Grossiste Livres Express - Rouen,Bibliotheque,Institutionnel,191 avenue du Livre,Rouen,76,26637
837,France Loisirs - Tours,Grossiste,Distribution,138 avenue du Livre,Tours,37,25473
838,Chapitre.com - Dijon,Ecole,Education,16 avenue du Livre,Dijon,21,53910
839,Leslibraires.fr - Clermont-Ferrand,Universite,Education,220 avenue du Livre,Clermont-Ferrand,63,45649
840,Amazon France - Montpellier,Mediatheque,Institutionnel,269 avenue du Livre,Montpellier,34,18371
841,Librairie Gallimard - Paris,Librairie,Librairie,135 avenue du Livre,Paris,75,85582
842,Librairie Gibert - Lyon,Bibliotheque,Institutionnel,40 avenue du Livre,Lyon,69,75031
843,Fnac Livres - Marseille,Grossiste,Distribution,234 avenue du Livre,Marseille,13,76949
844,Cultura - Toulouse,Ecole,Education,185 avenue du Livre,Toulouse,31,17266
845,Librairie Mollat - Bordeaux,Universite,Education,256 avenue du Livre,Bordeaux,33,84302
846,Librairie Decitre - Nantes,Mediatheque,Institutionnel,86 avenue du Livre,Nantes,44,58193
847,Le Furet du Nord - Strasbourg,Librairie,Librairie,81 avenue du Livre,Strasbourg,67,43438
848,Librairie Kleen - Lille,Bibliotheque,Institutionnel,53 avenue du Livre,Lille,59,85223
849,Librairie Sauramps - Rennes,Grossiste,Distribution,60 avenue du Livre,Rennes,35,39937
850,Librairie Dialogues - Grenoble,Ecole,Education,261 avenue du Livre,Grenoble,38,10336
851,Bibliotheque Nationale - Rouen,Universite,Education,23 avenue du Livre,Rouen,76,11610
852,BU Paris-Saclay - Tours,Mediatheque,Institutionnel,126 avenue du Livre,Tours,37,16026
853,Mediatheque de Lyon - Dijon,Librairie,Librairie,242 avenue du Livre,Dijon,21,57707
854,CDI Lycee Voltaire - Clermont-Ferrand,Bibliotheque,Institutionnel,197 avenue du Livre,Clermont-Ferrand,63,29671
855,Ecole Normale Superieure - Montpellier,Grossiste,Distribution,92 avenue du Livre,Montpellier,34,14635
856,Grossiste Livres Express - Paris,Ecole,Education,284 avenue du Livre,Paris,75,95944
857,France Loisirs - Lyon,Universite,Education,215 avenue du Livre,Lyon,69,39427
858,Chapitre.com - Marseille,Mediatheque,Institutionnel,165 avenue du Livre,Marseille,13,42540
859,Leslibraires.fr - Toulouse,Librairie,Librairie,214 avenue du Livre,Toulouse,31,51934
860,Amazon France - Bordeaux,Bibliotheque,Institutionnel,139 avenue du Livre,Bordeaux,33,20208
861,Librairie Gallimard - Nantes,Grossiste,Distribution,293 avenue du Livre,Nantes,44,58864
862,Librairie Gibert - Strasbourg,Ecole,Education,62 avenue du Livre,Strasbourg,67,75803
863,Fnac Livres - Lille,Universite,Education,27 avenue du Livre,Lille,59,33507
864,Cultura - Rennes,Mediatheque,Institutionnel,115 avenue du Livre,Rennes,35,77603
865,Librairie Mollat - Grenoble,Librairie,Librairie,24 avenue du Livre,Grenoble,38,62550
866,Librairie Decitre - Rouen,Bibliotheque,Institutionnel,36 avenue du Livre,Rouen,76,70960
867,Le Furet du Nord - Tours,Grossiste,Distribution,145 avenue du Livre,Tours,37,50723
868,Librairie Kleen - Dijon,Ecole,Education,168 avenue du Livre,Dijon,21,21322
869,Librairie Sauramps - Clermont-Ferrand,Universite,Education,284 avenue du Livre,Clermont-Ferrand,63,69866
870,Librairie Dialogues - Montpellier,Mediatheque,Institutionnel,5 avenue du Livre,Montpellier,34,58354
871,Bibliotheque Nationale - Paris,Librairie,Librairie,103 avenue du Livre,Paris,75,48219
872,BU Paris-Saclay - Lyon,Bibliotheque,Institutionnel,289 avenue du Livre,Lyon,69,49834
873,Mediatheque de Lyon - Marseille,Grossiste,Distribution,125 avenue du Livre,Marseille,13,70807
874,CDI Lycee Voltaire - Toulouse,Ecole,Education,189 avenue du Livre,Toulouse,31,87554
875,Ecole Normale Superieure - Bordeaux,Universite,Education,253 avenue du Livre,Bordeaux,33,35614
876,Grossiste Livres Express - Nantes,Mediatheque,Institutionnel,280 avenue du Livre,Nantes,44,42129
877,France Loisirs - Strasbourg,Librairie,Librairie,78 avenue du Livre,Strasbourg,67,10835
878,Chapitre.com - Lille,Bibliotheque,Institutionnel,210 avenue du Livre,Lille,59,13133
879,Leslibraires.fr - Rennes,Grossiste,Distribution,120 avenue du Livre,Rennes,35,80981
880,Amazon France - Grenoble,Ecole,Education,178 avenue du Livre,Grenoble,38,93354
881,Librairie Gallimard - Rouen,Universite,Education,5 avenue du Livre,Rouen,76,53911
882,Librairie Gibert - Tours,Mediatheque,Institutionnel,1 avenue du Livre,Tours,37,96154
883,Fnac Livres - Dijon,Librairie,Librairie,193 avenue du Livre,Dijon,21,50306
884,Cultura - Clermont-Ferrand,Bibliotheque,Institutionnel,54 avenue du Livre,Clermont-Ferrand,63,36895
885,Librairie Mollat - Montpellier,Grossiste,Distribution,272 avenue du Livre,Montpellier,34,41217
886,Librairie Decitre - Paris,Ecole,Education,215 avenue du Livre,Paris,75,74491
887,Le Furet du Nord - Lyon,Universite,Education,31 avenue du Livre,Lyon,69,28661
888,Librairie Kleen - Marseille,Mediatheque,Institutionnel,144 avenue du Livre,Marseille,13,22193
889,Librairie Sauramps - Toulouse,Librairie,Librairie,23 avenue du Livre,Toulouse,31,40339
890,Librairie Dialogues - Bordeaux,Bibliotheque,Institutionnel,267 avenue du Livre,Bordeaux,33,64140
891,Bibliotheque Nationale - Nantes,Grossiste,Distribution,191 avenue du Livre,Nantes,44,70091
892,BU Paris-Saclay - Strasbourg,Ecole,Education,44 avenue du Livre,Strasbourg,67,86122
893,Mediatheque de Lyon - Lille,Universite,Education,49 avenue du Livre,Lille,59,76247
894,CDI Lycee Voltaire - Rennes,Mediatheque,Institutionnel,69 avenue du Livre,Rennes,35,93521
895,Ecole Normale Superieure - Grenoble,Librairie,Librairie,202 avenue du Livre,Grenoble,38,19808
896,Grossiste Livres Express - Rouen,Bibliotheque,Institutionnel,291 avenue du Livre,Rouen,76,18163
897,France Loisirs - Tours,Grossiste,Distribution,223 avenue du Livre,Tours,37,96827
898,Chapitre.com - Dijon,Ecole,Education,67 avenue du Livre,Dijon,21,41034
899,Leslibraires.fr - Clermont-Ferrand,Universite,Education,150 avenue du Livre,Clermont-Ferrand,63,44208
900,Amazon France - Montpellier,Mediatheque,Institutionnel,162 avenue du Livre,Montpellier,34,61505
901,Librairie Gallimard - Paris,Librairie,Librairie,168 avenue du Livre,Paris,75,51688
902,Librairie Gibert - Lyon,Bibliotheque,Institutionnel,232 avenue du Livre,Lyon,69,45645
903,Fnac Livres - Marseille,Grossiste,Distribution,120 avenue du Livre,Marseille,13,19789
904,Cultura - Toulouse,Ecole,Education,104 avenue du Livre,Toulouse,31,27840
905,Librairie Mollat - Bordeaux,Universite,Education,300 avenue du Livre,Bordeaux,33,24283
906,Librairie Decitre - Nantes,Mediatheque,Institutionnel,80 avenue du Livre,Nantes,44,23848
907,Le Furet du Nord - Strasbourg,Librairie,Librairie,85 avenue du Livre,Strasbourg,67,68925
908,Librairie Kleen - Lille,Bibliotheque,Institutionnel,239 avenue du Livre,Lille,59,51160
909,Librairie Sauramps - Rennes,Grossiste,Distribution,209 avenue du Livre,Rennes,35,25825
910,Librairie Dialogues - Grenoble,Ecole,Education,275 avenue du Livre,Grenoble,38,56961
911,Bibliotheque Nationale - Rouen,Universite,Education,107 avenue du Livre,Rouen,76,69233
912,BU Paris-Saclay - Tours,Mediatheque,Institutionnel,158 avenue du Livre,Tours,37,70731
913,Mediatheque de Lyon - Dijon,Librairie,Librairie,136 avenue du Livre,Dijon,21,25717
914,CDI Lycee Voltaire - Clermont-Ferrand,Bibliotheque,Institutionnel,47 avenue du Livre,Clermont-Ferrand,63,30658
915,Ecole Normale Superieure - Montpellier,Grossiste,Distribution,156 avenue du Livre,Montpellier,34,89076
916,Grossiste Livres Express - Paris,Ecole,Education,21 avenue du Livre,Paris,75,38183
917,France Loisirs - Lyon,Universite,Education,168 avenue du Livre,Lyon,69,29441
918,Chapitre.com - Marseille,Mediatheque,Institutionnel,47 avenue du Livre,Marseille,13,42534
919,Leslibraires.fr - Toulouse,Librairie,Librairie,183 avenue du Livre,Toulouse,31,61936
920,Amazon France - Bordeaux,Bibliotheque,Institutionnel,263 avenue du Livre,Bordeaux,33,16416
921,Librairie Gallimard - Nantes,Grossiste,Distribution,154 avenue du Livre,Nantes,44,44100
922,Librairie Gibert - Strasbourg,Ecole,Education,90 avenue du Livre,Strasbourg,67,14073
923,Fnac Livres - Lille,Universite,Education,208 avenue du Livre,Lille,59,69270
924,Cultura - Rennes,Mediatheque,Institutionnel,285 avenue du Livre,Rennes,35,82105
925,Librairie Mollat - Grenoble,Librairie,Librairie,128 avenue du Livre,Grenoble,38,22415
926,Librairie Decitre - Rouen,Bibliotheque,Institutionnel,237 avenue du Livre,Rouen,76,23357
927,Le Furet du Nord - Tours,Grossiste,Distribution,72 avenue du Livre,Tours,37,25919
928,Librairie Kleen - Dijon,Ecole,Education,7 avenue du Livre,Dijon,21,18083
929,Librairie Sauramps - Clermont-Ferrand,Universite,Education,114 avenue du Livre,Clermont-Ferrand,63,27133
930,Librairie Dialogues - Montpellier,Mediatheque,Institutionnel,102 avenue du Livre,Montpellier,34,62505
931,Bibliotheque Nationale - Paris,Librairie,Librairie,191 avenue du Livre,Paris,75,99952
932,BU Paris-Saclay - Lyon,Bibliotheque,Institutionnel,44 avenue du Livre,Lyon,69,86326
933,Mediatheque de Lyon - Marseille,Grossiste,Distribution,133 avenue du Livre,Marseille,13,19828
934,CDI Lycee Voltaire - Toulouse,Ecole,Education,12 avenue du Livre,Toulouse,31,18450
935,Ecole Normale Superieure - Bordeaux,Universite,Education,102 avenue du Livre,Bordeaux,33,94670
936,Grossiste Livres Express - Nantes,Mediatheque,Institutionnel,228 avenue du Livre,Nantes,44,26880
937,France Loisirs - Strasbourg,Librairie,Librairie,48 avenue du Livre,Strasbourg,67,53456
938,Chapitre.com - Lille,Bibliotheque,Institutionnel,63 avenue du Livre,Lille,59,15596
939,Leslibraires.fr - Rennes,Grossiste,Distribution,237 avenue du Livre,Rennes,35,16637
940,Amazon France - Grenoble,Ecole,Education,87 avenue du Livre,Grenoble,38,85220
941,Librairie Gallimard - Rouen,Universite,Education,222 avenue du Livre,Rouen,76,61773
942,Librairie Gibert - Tours,Mediatheque,Institutionnel,255 avenue du Livre,Tours,37,13864
943,Fnac Livres - Dijon,Librairie,Librairie,196 avenue du Livre,Dijon,21,99550
944,Cultura - Clermont-Ferrand,Bibliotheque,Institutionnel,219 avenue du Livre,Clermont-Ferrand,63,32650
945,Librairie Mollat - Montpellier,Grossiste,Distribution,182 avenue du Livre,Montpellier,34,38143
946,Librairie Decitre - Paris,Ecole,Education,96 avenue du Livre,Paris,75,46042
947,Le Furet du Nord - Lyon,Universite,Education,144 avenue du Livre,Lyon,69,68459
948,Librairie Kleen - Marseille,Mediatheque,Institutionnel,77 avenue du Livre,Marseille,13,14541
949,Librairie Sauramps - Toulouse,Librairie,Librairie,126 avenue du Livre,Toulouse,31,94840
950,Librairie Dialogues - Bordeaux,Bibliotheque,Institutionnel,152 avenue du Livre,Bordeaux,33,75390
951,Bibliotheque Nationale - Nantes,Grossiste,Distribution,211 avenue du Livre,Nantes,44,82179
952,BU Paris-Saclay - Strasbourg,Ecole,Education,246 avenue du Livre,Strasbourg,67,17992
953,Mediatheque de Lyon - Lille,Universite,Education,45 avenue du Livre,Lille,59,46670
954,CDI Lycee Voltaire - Rennes,Mediatheque,Institutionnel,197 avenue du Livre,Rennes,35,27987
955,Ecole Normale Superieure - Grenoble,Librairie,Librairie,215 avenue du Livre,Grenoble,38,36143
956,Grossiste Livres Express - Rouen,Bibliotheque,Institutionnel,270 avenue du Livre,Rouen,76,42656
957,France Loisirs - Tours,Grossiste,Distribution,279 avenue du Livre,Tours,37,12559
958,Chapitre.com - Dijon,Ecole,Education,196 avenue du Livre,Dijon,21,57069
959,Leslibraires.fr - Clermont-Ferrand,Universite,Education,246 avenue du Livre,Clermont-Ferrand,63,81371
960,Amazon France - Montpellier,Mediatheque,Institutionnel,249 avenue du Livre,Montpellier,34,55093
961,Librairie Gallimard - Paris,Librairie,Librairie,290 avenue du Livre,Paris,75,75849
962,Librairie Gibert - Lyon,Bibliotheque,Institutionnel,165 avenue du Livre,Lyon,69,60905
963,Fnac Livres - Marseille,Grossiste,Distribution,139 avenue du Livre,Marseille,13,33568
964,Cultura - Toulouse,Ecole,Education,14 avenue du Livre,Toulouse,31,51795
965,Librairie Mollat - Bordeaux,Universite,Education,113 avenue du Livre,Bordeaux,33,13840
966,Librairie Decitre - Nantes,Mediatheque,Institutionnel,144 avenue du Livre,Nantes,44,17679
967,Le Furet du Nord - Strasbourg,Librairie,Librairie,242 avenue du Livre,Strasbourg,67,79393
968,Librairie Kleen - Lille,Bibliotheque,Institutionnel,184 avenue du Livre,Lille,59,86544
969,Librairie Sauramps - Rennes,Grossiste,Distribution,120 avenue du Livre,Rennes,35,30922
970,Librairie Dialogues - Grenoble,Ecole,Education,52 avenue du Livre,Grenoble,38,42487
971,Bibliotheque Nationale - Rouen,Universite,Education,124 avenue du Livre,Rouen,76,44934
972,BU Paris-Saclay - Tours,Mediatheque,Institutionnel,274 avenue du Livre,Tours,37,17328
973,Mediatheque de Lyon - Dijon,Librairie,Librairie,113 avenue du Livre,Dijon,21,85457
974,CDI Lycee Voltaire - Clermont-Ferrand,Bibliotheque,Institutionnel,199 avenue du Livre,Clermont-Ferrand,63,56504
975,Ecole Normale Superieure - Montpellier,Grossiste,Distribution,89 avenue du Livre,Montpellier,34,33081
976,Grossiste Livres Express - Paris,Ecole,Education,122 avenue du Livre,Paris,75,87662
977,France Loisirs - Lyon,Universite,Education,163 avenue du Livre,Lyon,69,57026
978,Chapitre.com - Marseille,Mediatheque,Institutionnel,15 avenue du Livre,Marseille,13,56095
979,Leslibraires.fr - Toulouse,Librairie,Librairie,291 avenue du Livre,Toulouse,31,83873
980,Amazon France - Bordeaux,Bibliotheque,Institutionnel,73 avenue du Livre,Bordeaux,33,83807
981,Librairie Gallimard - Nantes,Grossiste,Distribution,97 avenue du Livre,Nantes,44,74517
982,Librairie Gibert - Strasbourg,Ecole,Education,278 avenue du Livre,Strasbourg,67,50508
983,Fnac Livres - Lille,Universite,Education,90 avenue du Livre,Lille,59,74282
984,Cultura - Rennes,Mediatheque,Institutionnel,20 avenue du Livre,Rennes,35,21830
985,Librairie Mollat - Grenoble,Librairie,Librairie,29 avenue du Livre,Grenoble,38,40490
986,Librairie Decitre - Rouen,Bibliotheque,Institutionnel,113 avenue du Livre,Rouen,76,12612
987,Le Furet du Nord - Tours,Grossiste,Distribution,270 avenue du Livre,Tours,37,72650
988,Librairie Kleen - Dijon,Ecole,Education,1 avenue du Livre,Dijon,21,53481
989,Librairie Sauramps - Clermont-Ferrand,Universite,Education,104 avenue du Livre,Clermont-Ferrand,63,27103
990,Librairie Dialogues - Montpellier,Mediatheque,Institutionnel,175 avenue du Livre,Montpellier,34,33260
991,Bibliotheque Nationale - Paris,Librairie,Librairie,166 avenue du Livre,Paris,75,17806
992,BU Paris-Saclay - Lyon,Bibliotheque,Institutionnel,12 avenue du Livre,Lyon,69,29360
993,Mediatheque de Lyon - Marseille,Grossiste,Distribution,73 avenue du Livre,Marseille,13,24538
994,CDI Lycee Voltaire - Toulouse,Ecole,Education,270 avenue du Livre,Toulouse,31,57826
995,Ecole Normale Superieure - Bordeaux,Universite,Education,38 avenue du Livre,Bordeaux,33,58967
996,Grossiste Livres Express - Nantes,Mediatheque,Institutionnel,203 avenue du Livre,Nantes,44,86810
997,France Loisirs - Strasbourg,Librairie,Librairie,52 avenue du Livre,Strasbourg,67,54113
998,Chapitre.com - Lille,Bibliotheque,Institutionnel,155 avenue du Livre,Lille,59,52284
999,Leslibraires.fr - Rennes,Grossiste,Distribution,70 avenue du Livre,Rennes,35,30644
1000,Amazon France - Grenoble,Ecole,Education,224 avenue du Livre,Grenoble,38,93789
