vendor_key,vendor_name,vertical,address,city,state,zip
1,Imprimerie Nationale,Impression,164 rue des Editeurs,Paris,75,24592
2,Papeteries du Rhone,Fourniture Papier,7 rue des Editeurs,Lyon,69,46048
3,Diffusion Hachette,Distribution,63 rue des Editeurs,Marseille,13,39256
4,Imprimerie Chirat,Impression,36 rue des Editeurs,Toulouse,31,23434
5,Papiers de France,Fourniture Papier,174 rue des Editeurs,Bordeaux,33,81482
6,Sodis Distribution,Distribution,23 rue des Editeurs,Nantes,44,87397
7,Imprimerie Pollina,Impression,109 rue des Editeurs,Strasbourg,67,14165
8,Arctic Paper France,Fourniture Papier,8 rue des Editeurs,Lille,59,22280
9,Interforum,Distribution,56 rue des Editeurs,Rennes,35,40495
10,Imprimerie Floch,Impression,130 rue des Editeurs,Grenoble,38,88907
11,Papeteries Canson,Fourniture Papier,7 rue des Editeurs,Rouen,76,83563
12,MDS Logistique,Distribution,51 rue des Editeurs,Tours,37,95181
13,Imprimerie Brodard,Impression,180 rue des Editeurs,Dijon,21,81426
14,Papeteries Clairefontaine,Fourniture Papier,108 rue des Editeurs,Clermont-Ferrand,63,38893
15,Volumen Distribution,Distribution,115 rue des Editeurs,Montpellier,34,87236
16,CPI Imprimerie,Impression,72 rue des Editeurs,Paris,75,10851
17,Fedrigoni France,Fourniture Papier,195 rue des Editeurs,Lyon,69,30926
18,Harmonia Mundi Livre,Distribution,179 rue des Editeurs,Marseille,13,65392
19,Normandie Roto,Impression,88 rue des Editeurs,Toulouse,31,46421
20,Sequana Papier,Fourniture Papier,40 rue des Editeurs,Bordeaux,33,38221
21,UD Distribution,Distribution,196 rue des Editeurs,Nantes,44,54118
22,Imprimerie Aubin,Impression,27 rue des Editeurs,Strasbourg,67,22156
23,Papeteries Hamelin,Fourniture Papier,98 rue des Editeurs,Lille,59,22676
24,Dilisco,Distribution,92 rue des Editeurs,Rennes,35,55082
25,Jouve Impression,Impression,155 rue des Editeurs,Grenoble,38,44671
26,Munken Paper,Fourniture Papier,12 rue des Editeurs,Rouen,76,70217
27,Pollen Diffusion,Distribution,138 rue des Editeurs,Tours,37,26361
28,Imprimerie Laballery,Impression,97 rue des Editeurs,Dijon,21,20328
29,Papeteries Lana,Fourniture Papier,142 rue des Editeurs,Clermont-Ferrand,63,48427
30,Belles Lettres Diffusion,Distribution,161 rue des Editeurs,Montpellier,34,91070
31,Imprimerie Nationale 30,Impression,93 rue des Editeurs,Paris,75,85674
32,Papeteries du Rhone 31,Fourniture Papier,50 rue des Editeurs,Lyon,69,19116
33,Diffusion Hachette 32,Distribution,12 rue des Editeurs,Marseille,13,96673
34,Imprimerie Chirat 33,Impression,59 rue des Editeurs,Toulouse,31,47930
35,Papiers de France 34,Fourniture Papier,21 rue des Editeurs,Bordeaux,33,40512
36,Sodis Distribution 35,Distribution,26 rue des Editeurs,Nantes,44,59823
37,Imprimerie Pollina 36,Impression,72 rue des Editeurs,Strasbourg,67,69429
38,Arctic Paper France 37,Fourniture Papier,163 rue des Editeurs,Lille,59,57819
39,Interforum 38,Distribution,42 rue des Editeurs,Rennes,35,58520
40,Imprimerie Floch 39,Impression,91 rue des Editeurs,Grenoble,38,37460
41,Papeteries Canson 40,Fourniture Papier,172 rue des Editeurs,Rouen,76,44993
42,MDS Logistique 41,Distribution,180 rue des Editeurs,Tours,37,99593
43,Imprimerie Brodard 42,Impression,166 rue des Editeurs,Dijon,21,19358
44,Papeteries Clairefontaine 43,Fourniture Papier,156 rue des Editeurs,Clermont-Ferrand,63,93227
45,Volumen Distribution 44,Distribution,44 rue des Editeurs,Montpellier,34,80010
46,CPI Imprimerie 45,Impression,187 rue des Editeurs,Paris,75,42087
47,Fedrigoni France 46,Fourniture Papier,42 rue des Editeurs,Lyon,69,70589
48,Harmonia Mundi Livre 47,Distribution,98 rue des Editeurs,Marseille,13,45382
49,Normandie Roto 48,Impression,164 rue des Editeurs,Toulouse,31,83000
50,Sequana Papier 49,Fourniture Papier,57 rue des Editeurs,Bordeaux,33,99733
51,UD Distribution 50,Distribution,84 rue des Editeurs,Nantes,44,17331
52,Imprimerie Aubin 51,Impression,59 rue des Editeurs,Strasbourg,67,14207
53,Papeteries Hamelin 52,Fourniture Papier,81 rue des Editeurs,Lille,59,62581
54,Dilisco 53,Distribution,69 rue des Editeurs,Rennes,35,18675
55,Jouve Impression 54,Impression,55 rue des Editeurs,Grenoble,38,84341
56,Munken Paper 55,Fourniture Papier,184 rue des Editeurs,Rouen,76,51245
57,Pollen Diffusion 56,Distribution,55 rue des Editeurs,Tours,37,95909
58,Imprimerie Laballery 57,Impression,128 rue des Editeurs,Dijon,21,61856
59,Papeteries Lana 58,Fourniture Papier,165 rue des Editeurs,Clermont-Ferrand,63,70142
60,Belles Lettres Diffusion 59,Distribution,37 rue des Editeurs,Montpellier,34,44718
61,Imprimerie Nationale 60,Impression,36 rue des Editeurs,Paris,75,42325
62,Papeteries du Rhone 61,Fourniture Papier,191 rue des Editeurs,Lyon,69,83579
63,Diffusion Hachette 62,Distribution,138 rue des Editeurs,Marseille,13,44438
64,Imprimerie Chirat 63,Impression,192 rue des Editeurs,Toulouse,31,86622
65,Papiers de France 64,Fourniture Papier,110 rue des Editeurs,Bordeaux,33,86484
66,Sodis Distribution 65,Distribution,103 rue des Editeurs,Nantes,44,57447
67,Imprimerie Pollina 66,Impression,57 rue des Editeurs,Strasbourg,67,28131
68,Arctic Paper France 67,Fourniture Papier,131 rue des Editeurs,Lille,59,74686
69,Interforum 68,Distribution,24 rue des Editeurs,Rennes,35,16175
70,Imprimerie Floch 69,Impression,29 rue des Editeurs,Grenoble,38,30033
71,Papeteries Canson 70,Fourniture Papier,161 rue des Editeurs,Rouen,76,30969
72,MDS Logistique 71,Distribution,175 rue des Editeurs,Tours,37,65333
73,Imprimerie Brodard 72,Impression,153 rue des Editeurs,Dijon,21,18326
74,Papeteries Clairefontaine 73,Fourniture Papier,99 rue des Editeurs,Clermont-Ferrand,63,60019
75,Volumen Distribution 74,Distribution,153 rue des Editeurs,Montpellier,34,71348
76,CPI Imprimerie 75,Impression,136 rue des Editeurs,Paris,75,42953
77,Fedrigoni France 76,Fourniture Papier,142 rue des Editeurs,Lyon,69,11504
78,Harmonia Mundi Livre 77,Distribution,175 rue des Editeurs,Marseille,13,25014
79,Normandie Roto 78,Impression,175 rue des Editeurs,Toulouse,31,80381
80,Sequana Papier 79,Fourniture Papier,193 rue des Editeurs,Bordeaux,33,44973
81,UD Distribution 80,Distribution,197 rue des Editeurs,Nantes,44,94012
82,Imprimerie Aubin 81,Impression,88 rue des Editeurs,Strasbourg,67,24621
83,Papeteries Hamelin 82,Fourniture Papier,76 rue des Editeurs,Lille,59,66985
84,Dilisco 83,Distribution,41 rue des Editeurs,Rennes,35,69470
85,Jouve Impression 84,Impression,1 rue des Editeurs,Grenoble,38,44522
86,Munken Paper 85,Fourniture Papier,129 rue des Editeurs,Rouen,76,33416
87,Pollen Diffusion 86,Distribution,130 rue des Editeurs,Tours,37,23947
88,Imprimerie Laballery 87,Impression,161 rue des Editeurs,Dijon,21,49117
89,Papeteries Lana 88,Fourniture Papier,164 rue des Editeurs,Clermont-Ferrand,63,76540
90,Belles Lettres Diffusion 89,Distribution,156 rue des Editeurs,Montpellier,34,36071
91,Imprimerie Nationale 90,Impression,40 rue des Editeurs,Paris,75,59009
92,Papeteries du Rhone 91,Fourniture Papier,196 rue des Editeurs,Lyon,69,31174
93,Diffusion Hachette 92,Distribution,139 rue des Editeurs,Marseille,13,79514
94,Imprimerie Chirat 93,Impression,1 rue des Editeurs,Toulouse,31,88504
95,Papiers de France 94,Fourniture Papier,83 rue des Editeurs,Bordeaux,33,74042
96,Sodis Distribution 95,Distribution,5 rue des Editeurs,Nantes,44,24662
97,Imprimerie Pollina 96,Impression,93 rue des Editeurs,Strasbourg,67,50306
98,Arctic Paper France 97,Fourniture Papier,62 rue des Editeurs,Lille,59,17592
99,Interforum 98,Distribution,62 rue des Editeurs,Rennes,35,84364
100,Imprimerie Floch 99,Impression,21 rue des Editeurs,Grenoble,38,21226
101,Papeteries Canson 100,Fourniture Papier,188 rue des Editeurs,Rouen,76,73699
102,MDS Logistique 101,Distribution,18 rue des Editeurs,Tours,37,79822
103,Imprimerie Brodard 102,Impression,197 rue des Editeurs,Dijon,21,26483
104,Papeteries Clairefontaine 103,Fourniture Papier,33 rue des Editeurs,Clermont-Ferrand,63,96474
105,Volumen Distribution 104,Distribution,122 rue des Editeurs,Montpellier,34,82063
106,CPI Imprimerie 105,Impression,43 rue des Editeurs,Paris,75,44741
107,Fedrigoni France 106,Fourniture Papier,136 rue des Editeurs,Lyon,69,89507
108,Harmonia Mundi Livre 107,Distribution,109 rue des Editeurs,Marseille,13,37760
109,Normandie Roto 108,Impression,139 rue des Editeurs,Toulouse,31,36365
110,Sequana Papier 109,Fourniture Papier,183 rue des Editeurs,Bordeaux,33,50857
111,UD Distribution 110,Distribution,103 rue des Editeurs,Nantes,44,98039
112,Imprimerie Aubin 111,Impression,167 rue des Editeurs,Strasbourg,67,58944
113,Papeteries Hamelin 112,Fourniture Papier,113 rue des Editeurs,Lille,59,77839
114,Dilisco 113,Distribution,116 rue des Editeurs,Rennes,35,25860
115,Jouve Impression 114,Impression,64 rue des Editeurs,Grenoble,38,39451
116,Munken Paper 115,Fourniture Papier,17 rue des Editeurs,Rouen,76,54313
117,Pollen Diffusion 116,Distribution,6 rue des Editeurs,Tours,37,87110
118,Imprimerie Laballery 117,Impression,142 rue des Editeurs,Dijon,21,40161
119,Papeteries Lana 118,Fourniture Papier,151 rue des Editeurs,Clermont-Ferrand,63,38864
120,Belles Lettres Diffusion 119,Distribution,2 rue des Editeurs,Montpellier,34,19305
121,Imprimerie Nationale 120,Impression,182 rue des Editeurs,Paris,75,92719
122,Papeteries du Rhone 121,Fourniture Papier,16 rue des Editeurs,Lyon,69,40007
123,Diffusion Hachette 122,Distribution,18 rue des Editeurs,Marseille,13,14117
124,Imprimerie Chirat 123,Impression,85 rue des Editeurs,Toulouse,31,19287
125,Papiers de France 124,Fourniture Papier,132 rue des Editeurs,Bordeaux,33,41195
126,Sodis Distribution 125,Distribution,72 rue des Editeurs,Nantes,44,97684
127,Imprimerie Pollina 126,Impression,125 rue des Editeurs,Strasbourg,67,38080
128,Arctic Paper France 127,Fourniture Papier,139 rue des Editeurs,Lille,59,27342
129,Interforum 128,Distribution,186 rue des Editeurs,Rennes,35,84847
130,Imprimerie Floch 129,Impression,148 rue des Editeurs,Grenoble,38,71953
131,Papeteries Canson 130,Fourniture Papier,63 rue des Editeurs,Rouen,76,71993
132,MDS Logistique 131,Distribution,105 rue des Editeurs,Tours,37,34957
133,Imprimerie Brodard 132,Impression,25 rue des Editeurs,Dijon,21,22704
134,Papeteries Clairefontaine 133,Fourniture Papier,169 rue des Editeurs,Clermont-Ferrand,63,66498
135,Volumen Distribution 134,Distribution,91 rue des Editeurs,Montpellier,34,65519
136,CPI Imprimerie 135,Impression,106 rue des Editeurs,Paris,75,71213
137,Fedrigoni France 136,Fourniture Papier,187 rue des Editeurs,Lyon,69,17100
138,Harmonia Mundi Livre 137,Distribution,173 rue des Editeurs,Marseille,13,95649
139,Normandie Roto 138,Impression,166 rue des Editeurs,Toulouse,31,22899
140,Sequana Papier 139,Fourniture Papier,16 rue des Editeurs,Bordeaux,33,62772
141,UD Distribution 140,Distribution,187 rue des Editeurs,Nantes,44,54473
142,Imprimerie Aubin 141,Impression,28 rue des Editeurs,Strasbourg,67,42591
143,Papeteries Hamelin 142,Fourniture Papier,50 rue des Editeurs,Lille,59,34931
144,Dilisco 143,Distribution,138 rue des Editeurs,Rennes,35,68800
145,Jouve Impression 144,Impression,36 rue des Editeurs,Grenoble,38,65296
146,Munken Paper 145,Fourniture Papier,47 rue des Editeurs,Rouen,76,46509
147,Pollen Diffusion 146,Distribution,119 rue des Editeurs,Tours,37,42742
148,Imprimerie Laballery 147,Impression,20 rue des Editeurs,Dijon,21,68082
149,Papeteries Lana 148,Fourniture Papier,141 rue des Editeurs,Clermont-Ferrand,63,22833
150,Belles Lettres Diffusion 149,Distribution,13 rue des Editeurs,Montpellier,34,95477
151,Imprimerie Nationale 150,Impression,139 rue des Editeurs,Paris,75,11934
152,Papeteries du Rhone 151,Fourniture Papier,24 rue des Editeurs,Lyon,69,40982
153,Diffusion Hachette 152,Distribution,43 rue des Editeurs,Marseille,13,63269
154,Imprimerie Chirat 153,Impression,125 rue des Editeurs,Toulouse,31,73092
155,Papiers de France 154,Fourniture Papier,55 rue des Editeurs,Bordeaux,33,62565
156,Sodis Distribution 155,Distribution,16 rue des Editeurs,Nantes,44,31579
157,Imprimerie Pollina 156,Impression,98 rue des Editeurs,Strasbourg,67,10282
158,Arctic Paper France 157,Fourniture Papier,100 rue des Editeurs,Lille,59,44760
159,Interforum 158,Distribution,117 rue des Editeurs,Rennes,35,47388
160,Imprimerie Floch 159,Impression,109 rue des Editeurs,Grenoble,38,82845
161,Papeteries Canson 160,Fourniture Papier,170 rue des Editeurs,Rouen,76,73788
162,MDS Logistique 161,Distribution,40 rue des Editeurs,Tours,37,34890
163,Imprimerie Brodard 162,Impression,76 rue des Editeurs,Dijon,21,38534
164,Papeteries Clairefontaine 163,Fourniture Papier,15 rue des Editeurs,Clermont-Ferrand,63,85914
165,Volumen Distribution 164,Distribution,189 rue des Editeurs,Montpellier,34,81066
166,CPI Imprimerie 165,Impression,16 rue des Editeurs,Paris,75,51104
167,Fedrigoni France 166,Fourniture Papier,15 rue des Editeurs,Lyon,69,16572
168,Harmonia Mundi Livre 167,Distribution,150 rue des Editeurs,Marseille,13,72493
169,Normandie Roto 168,Impression,129 rue des Editeurs,Toulouse,31,79615
170,Sequana Papier 169,Fourniture Papier,41 rue des Editeurs,Bordeaux,33,17455
171,UD Distribution 170,Distribution,131 rue des Editeurs,Nantes,44,20500
172,Imprimerie Aubin 171,Impression,48 rue des Editeurs,Strasbourg,67,18981
173,Papeteries Hamelin 172,Fourniture Papier,153 rue des Editeurs,Lille,59,18907
174,Dilisco 173,Distribution,173 rue des Editeurs,Rennes,35,40828
175,Jouve Impression 174,Impression,104 rue des Editeurs,Grenoble,38,25713
176,Munken Paper 175,Fourniture Papier,146 rue des Editeurs,Rouen,76,42271
177,Pollen Diffusion 176,Distribution,149 rue des Editeurs,Tours,37,87924
178,Imprimerie Laballery 177,Impression,11 rue des Editeurs,Dijon,21,91183
179,Papeteries Lana 178,Fourniture Papier,21 rue des Editeurs,Clermont-Ferrand,63,64948
180,Belles Lettres Diffusion 179,Distribution,169 rue des Editeurs,Montpellier,34,86503
181,Imprimerie Nationale 180,Impression,145 rue des Editeurs,Paris,75,78522
182,Papeteries du Rhone 181,Fourniture Papier,81 rue des Editeurs,Lyon,69,44179
183,Diffusion Hachette 182,Distribution,53 rue des Editeurs,Marseille,13,97782
184,Imprimerie Chirat 183,Impression,184 rue des Editeurs,Toulouse,31,51180
185,Papiers de France 184,Fourniture Papier,62 rue des Editeurs,Bordeaux,33,44814
186,Sodis Distribution 185,Distribution,102 rue des Editeurs,Nantes,44,27154
187,Imprimerie Pollina 186,Impression,172 rue des Editeurs,Strasbourg,67,94607
188,Arctic Paper France 187,Fourniture Papier,77 rue des Editeurs,Lille,59,69929
189,Interforum 188,Distribution,81 rue des Editeurs,Rennes,35,19508
190,Imprimerie Floch 189,Impression,3 rue des Editeurs,Grenoble,38,70068
191,Papeteries Canson 190,Fourniture Papier,160 rue des Editeurs,Rouen,76,83792
192,MDS Logistique 191,Distribution,26 rue des Editeurs,Tours,37,19602
193,Imprimerie Brodard 192,Impression,138 rue des Editeurs,Dijon,21,37938
194,Papeteries Clairefontaine 193,Fourniture Papier,130 rue des Editeurs,Clermont-Ferrand,63,44760
195,Volumen Distribution 194,Distribution,34 rue des Editeurs,Montpellier,34,55745
196,CPI Imprimerie 195,Impression,18 rue des Editeurs,Paris,75,42018
197,Fedrigoni France 196,Fourniture Papier,95 rue des Editeurs,Lyon,69,47353
198,Harmonia Mundi Livre 197,Distribution,41 rue des Editeurs,Marseille,13,67433
199,Normandie Roto 198,Impression,140 rue des Editeurs,Toulouse,31,49651
200,Sequana Papier 199,Fourniture Papier,157 rue des Editeurs,Bordeaux,33,95717
201,UD Distribution 200,Distribution,136 rue des Editeurs,Nantes,44,11025
202,Imprimerie Aubin 201,Impression,171 rue des Editeurs,Strasbourg,67,82692
203,Papeteries Hamelin 202,Fourniture Papier,77 rue des Editeurs,Lille,59,96951
204,Dilisco 203,Distribution,27 rue des Editeurs,Rennes,35,27601
205,Jouve Impression 204,Impression,68 rue des Editeurs,Grenoble,38,25129
206,Munken Paper 205,Fourniture Papier,28 rue des Editeurs,Rouen,76,82512
207,Pollen Diffusion 206,Distribution,40 rue des Editeurs,Tours,37,45697
208,Imprimerie Laballery 207,Impression,73 rue des Editeurs,Dijon,21,89276
209,Papeteries Lana 208,Fourniture Papier,54 rue des Editeurs,Clermont-Ferrand,63,54942
210,Belles Lettres Diffusion 209,Distribution,53 rue des Editeurs,Montpellier,34,93130
211,Imprimerie Nationale 210,Impression,68 rue des Editeurs,Paris,75,76244
212,Papeteries du Rhone 211,Fourniture Papier,126 rue des Editeurs,Lyon,69,42914
213,Diffusion Hachette 212,Distribution,14 rue des Editeurs,Marseille,13,22097
214,Imprimerie Chirat 213,Impression,163 rue des Editeurs,Toulouse,31,65518
215,Papiers de France 214,Fourniture Papier,71 rue des Editeurs,Bordeaux,33,15778
216,Sodis Distribution 215,Distribution,1 rue des Editeurs,Nantes,44,53719
217,Imprimerie Pollina 216,Impression,198 rue des Editeurs,Strasbourg,67,27146
218,Arctic Paper France 217,Fourniture Papier,164 rue des Editeurs,Lille,59,44335
219,Interforum 218,Distribution,42 rue des Editeurs,Rennes,35,67912
220,Imprimerie Floch 219,Impression,142 rue des Editeurs,Grenoble,38,66057
221,Papeteries Canson 220,Fourniture Papier,144 rue des Editeurs,Rouen,76,11267
222,MDS Logistique 221,Distribution,29 rue des Editeurs,Tours,37,19862
223,Imprimerie Brodard 222,Impression,177 rue des Editeurs,Dijon,21,29536
224,Papeteries Clairefontaine 223,Fourniture Papier,140 rue des Editeurs,Clermont-Ferrand,63,14722
225,Volumen Distribution 224,Distribution,95 rue des Editeurs,Montpellier,34,86350
226,CPI Imprimerie 225,Impression,142 rue des Editeurs,Paris,75,29410
227,Fedrigoni France 226,Fourniture Papier,111 rue des Editeurs,Lyon,69,26704
228,Harmonia Mundi Livre 227,Distribution,11 rue des Editeurs,Marseille,13,50404
229,Normandie Roto 228,Impression,94 rue des Editeurs,Toulouse,31,15229
230,Sequana Papier 229,Fourniture Papier,92 rue des Editeurs,Bordeaux,33,37535
231,UD Distribution 230,Distribution,175 rue des Editeurs,Nantes,44,42706
232,Imprimerie Aubin 231,Impression,171 rue des Editeurs,Strasbourg,67,23473
233,Papeteries Hamelin 232,Fourniture Papier,91 rue des Editeurs,Lille,59,83385
234,Dilisco 233,Distribution,105 rue des Editeurs,Rennes,35,91351
235,Jouve Impression 234,Impression,192 rue des Editeurs,Grenoble,38,30257
236,Munken Paper 235,Fourniture Papier,61 rue des Editeurs,Rouen,76,31299
237,Pollen Diffusion 236,Distribution,46 rue des Editeurs,Tours,37,64040
238,Imprimerie Laballery 237,Impression,7 rue des Editeurs,Dijon,21,33509
239,Papeteries Lana 238,Fourniture Papier,189 rue des Editeurs,Clermont-Ferrand,63,53540
240,Belles Lettres Diffusion 239,Distribution,106 rue des Editeurs,Montpellier,34,97806
241,Imprimerie Nationale 240,Impression,189 rue des Editeurs,Paris,75,42527
242,Papeteries du Rhone 241,Fourniture Papier,69 rue des Editeurs,Lyon,69,30866
243,Diffusion Hachette 242,Distribution,180 rue des Editeurs,Marseille,13,24168
244,Imprimerie Chirat 243,Impression,98 rue des Editeurs,Toulouse,31,15075
245,Papiers de France 244,Fourniture Papier,121 rue des Editeurs,Bordeaux,33,39154
246,Sodis Distribution 245,Distribution,52 rue des Editeurs,Nantes,44,70332
247,Imprimerie Pollina 246,Impression,90 rue des Editeurs,Strasbourg,67,50001
248,Arctic Paper France 247,Fourniture Papier,59 rue des Editeurs,Lille,59,39219
249,Interforum 248,Distribution,7 rue des Editeurs,Rennes,35,96511
250,Imprimerie Floch 249,Impression,50 rue des Editeurs,Grenoble,38,62227
251,Papeteries Canson 250,Fourniture Papier,85 rue des Editeurs,Rouen,76,46517
252,MDS Logistique 251,Distribution,18 rue des Editeurs,Tours,37,46585
253,Imprimerie Brodard 252,Impression,90 rue des Editeurs,Dijon,21,94080
254,Papeteries Clairefontaine 253,Fourniture Papier,131 rue des Editeurs,Clermont-Ferrand,63,62386
255,Volumen Distribution 254,Distribution,174 rue des Editeurs,Montpellier,34,80282
256,CPI Imprimerie 255,Impression,85 rue des Editeurs,Paris,75,13617
257,Fedrigoni France 256,Fourniture Papier,30 rue des Editeurs,Lyon,69,44237
258,Harmonia Mundi Livre 257,Distribution,46 rue des Editeurs,Marseille,13,86099
259,Normandie Roto 258,Impression,68 rue des Editeurs,Toulouse,31,15014
260,Sequana Papier 259,Fourniture Papier,28 rue des Editeurs,Bordeaux,33,88193
261,UD Distribution 260,Distribution,112 rue des Editeurs,Nantes,44,55309
262,Imprimerie Aubin 261,Impression,187 rue des Editeurs,Strasbourg,67,51114
263,Papeteries Hamelin 262,Fourniture Papier,112 rue des Editeurs,Lille,59,89457
264,Dilisco 263,Distribution,131 rue des Editeurs,Rennes,35,25157
265,Jouve Impression 264,Impression,99 rue des Editeurs,Grenoble,38,85574
266,Munken Paper 265,Fourniture Papier,49 rue des Editeurs,Rouen,76,43386
267,Pollen Diffusion 266,Distribution,12 rue des Editeurs,Tours,37,67154
268,Imprimerie Laballery 267,Impression,1 rue des Editeurs,Dijon,21,78146
269,Papeteries Lana 268,Fourniture Papier,138 rue des Editeurs,Clermont-Ferrand,63,97900
270,Belles Lettres Diffusion 269,Distribution,51 rue des Editeurs,Montpellier,34,57739
271,Imprimerie Nationale 270,Impression,111 rue des Editeurs,Paris,75,19171
272,Papeteries du Rhone 271,Fourniture Papier,171 rue des Editeurs,Lyon,69,53279
273,Diffusion Hachette 272,Distribution,160 rue des Editeurs,Marseille,13,51145
274,Imprimerie Chirat 273,Impression,170 rue des Editeurs,Toulouse,31,26334
275,Papiers de France 274,Fourniture Papier,185 rue des Editeurs,Bordeaux,33,49363
276,Sodis Distribution 275,Distribution,130 rue des Editeurs,Nantes,44,50538
277,Imprimerie Pollina 276,Impression,171 rue des Editeurs,Strasbourg,67,63528
278,Arctic Paper France 277,Fourniture Papier,84 rue des Editeurs,Lille,59,62743
279,Interforum 278,Distribution,179 rue des Editeurs,Rennes,35,48752
280,Imprimerie Floch 279,Impression,142 rue des Editeurs,Grenoble,38,26683
281,Papeteries Canson 280,Fourniture Papier,50 rue des Editeurs,Rouen,76,65108
282,MDS Logistique 281,Distribution,171 rue des Editeurs,Tours,37,59695
283,Imprimerie Brodard 282,Impression,174 rue des Editeurs,Dijon,21,32810
284,Papeteries Clairefontaine 283,Fourniture Papier,158 rue des Editeurs,Clermont-Ferrand,63,84593
285,Volumen Distribution 284,Distribution,78 rue des Editeurs,Montpellier,34,63225
286,CPI Imprimerie 285,Impression,141 rue des Editeurs,Paris,75,10053
287,Fedrigoni France 286,Fourniture Papier,78 rue des Editeurs,Lyon,69,47606
288,Harmonia Mundi Livre 287,Distribution,54 rue des Editeurs,Marseille,13,66346
289,Normandie Roto 288,Impression,149 rue des Editeurs,Toulouse,31,89516
290,Sequana Papier 289,Fourniture Papier,168 rue des Editeurs,Bordeaux,33,52237
291,UD Distribution 290,Distribution,120 rue des Editeurs,Nantes,44,67905
292,Imprimerie Aubin 291,Impression,114 rue des Editeurs,Strasbourg,67,98555
293,Papeteries Hamelin 292,Fourniture Papier,55 rue des Editeurs,Lille,59,77000
294,Dilisco 293,Distribution,122 rue des Editeurs,Rennes,35,32241
295,Jouve Impression 294,Impression,169 rue des Editeurs,Grenoble,38,21114
296,Munken Paper 295,Fourniture Papier,73 rue des Editeurs,Rouen,76,77561
297,Pollen Diffusion 296,Distribution,170 rue des Editeurs,Tours,37,92960
298,Imprimerie Laballery 297,Impression,159 rue des Editeurs,Dijon,21,53933
299,Papeteries Lana 298,Fourniture Papier,24 rue des Editeurs,Clermont-Ferrand,63,40784
300,Belles Lettres Diffusion 299,Distribution,173 rue des Editeurs,Montpellier,34,50687
301,Imprimerie Nationale 300,Impression,58 rue des Editeurs,Paris,75,36100
302,Papeteries du Rhone 301,Fourniture Papier,38 rue des Editeurs,Lyon,69,13201
303,Diffusion Hachette 302,Distribution,12 rue des Editeurs,Marseille,13,42092
304,Imprimerie Chirat 303,Impression,122 rue des Editeurs,Toulouse,31,90120
305,Papiers de France 304,Fourniture Papier,197 rue des Editeurs,Bordeaux,33,19545
306,Sodis Distribution 305,Distribution,117 rue des Editeurs,Nantes,44,64321
307,Imprimerie Pollina 306,Impression,162 rue des Editeurs,Strasbourg,67,85454
308,Arctic Paper France 307,Fourniture Papier,50 rue des Editeurs,Lille,59,60328
309,Interforum 308,Distribution,127 rue des Editeurs,Rennes,35,62383
310,Imprimerie Floch 309,Impression,63 rue des Editeurs,Grenoble,38,29342
311,Papeteries Canson 310,Fourniture Papier,168 rue des Editeurs,Rouen,76,10726
312,MDS Logistique 311,Distribution,193 rue des Editeurs,Tours,37,23970
313,Imprimerie Brodard 312,Impression,200 rue des Editeurs,Dijon,21,65724
314,Papeteries Clairefontaine 313,Fourniture Papier,57 rue des Editeurs,Clermont-Ferrand,63,33053
315,Volumen Distribution 314,Distribution,179 rue des Editeurs,Montpellier,34,77889
316,CPI Imprimerie 315,Impression,119 rue des Editeurs,Paris,75,16582
317,Fedrigoni France 316,Fourniture Papier,143 rue des Editeurs,Lyon,69,42662
318,Harmonia Mundi Livre 317,Distribution,32 rue des Editeurs,Marseille,13,69829
319,Normandie Roto 318,Impression,35 rue des Editeurs,Toulouse,31,70901
320,Sequana Papier 319,Fourniture Papier,171 rue des Editeurs,Bordeaux,33,79616
321,UD Distribution 320,Distribution,144 rue des Editeurs,Nantes,44,88047
322,Imprimerie Aubin 321,Impression,82 rue des Editeurs,Strasbourg,67,68008
323,Papeteries Hamelin 322,Fourniture Papier,157 rue des Editeurs,Lille,59,76162
324,Dilisco 323,Distribution,110 rue des Editeurs,Rennes,35,81810
325,Jouve Impression 324,Impression,115 rue des Editeurs,Grenoble,38,30861
326,Munken Paper 325,Fourniture Papier,191 rue des Editeurs,Rouen,76,72216
327,Pollen Diffusion 326,Distribution,116 rue des Editeurs,Tours,37,43972
328,Imprimerie Laballery 327,Impression,193 rue des Editeurs,Dijon,21,42406
329,Papeteries Lana 328,Fourniture Papier,164 rue des Editeurs,Clermont-Ferrand,63,46347
330,Belles Lettres Diffusion 329,Distribution,197 rue des Editeurs,Montpellier,34,78327
331,Imprimerie Nationale 330,Impression,125 rue des Editeurs,Paris,75,92149
332,Papeteries du Rhone 331,Fourniture Papier,62 rue des Editeurs,Lyon,69,45992
333,Diffusion Hachette 332,Distribution,113 rue des Editeurs,Marseille,13,20155
334,Imprimerie Chirat 333,Impression,183 rue des Editeurs,Toulouse,31,47450
335,Papiers de France 334,Fourniture Papier,61 rue des Editeurs,Bordeaux,33,45614
336,Sodis Distribution 335,Distribution,86 rue des Editeurs,Nantes,44,51904
337,Imprimerie Pollina 336,Impression,139 rue des Editeurs,Strasbourg,67,20561
338,Arctic Paper France 337,Fourniture Papier,36 rue des Editeurs,Lille,59,29769
339,Interforum 338,Distribution,60 rue des Editeurs,Rennes,35,60205
340,Imprimerie Floch 339,Impression,178 rue des Editeurs,Grenoble,38,30028
341,Papeteries Canson 340,Fourniture Papier,181 rue des Editeurs,Rouen,76,38043
342,MDS Logistique 341,Distribution,17 rue des Editeurs,Tours,37,64377
343,Imprimerie Brodard 342,Impression,105 rue des Editeurs,Dijon,21,53369
344,Papeteries Clairefontaine 343,Fourniture Papier,139 rue des Editeurs,Clermont-Ferrand,63,71069
345,Volumen Distribution 344,Distribution,107 rue des Editeurs,Montpellier,34,18161
346,CPI Imprimerie 345,Impression,53 rue des Editeurs,Paris,75,65069
347,Fedrigoni France 346,Fourniture Papier,100 rue des Editeurs,Lyon,69,86556
348,Harmonia Mundi Livre 347,Distribution,179 rue des Editeurs,Marseille,13,12560
349,Normandie Roto 348,Impression,196 rue des Editeurs,Toulouse,31,85456
350,Sequana Papier 349,Fourniture Papier,98 rue des Editeurs,Bordeaux,33,72518
351,UD Distribution 350,Distribution,2 rue des Editeurs,Nantes,44,56105
352,Imprimerie Aubin 351,Impression,77 rue des Editeurs,Strasbourg,67,61116
353,Papeteries Hamelin 352,Fourniture Papier,108 rue des Editeurs,Lille,59,80545
354,Dilisco 353,Distribution,192 rue des Editeurs,Rennes,35,81582
355,Jouve Impression 354,Impression,155 rue des Editeurs,Grenoble,38,38906
356,Munken Paper 355,Fourniture Papier,125 rue des Editeurs,Rouen,76,38760
357,Pollen Diffusion 356,Distribution,70 rue des Editeurs,Tours,37,67125
358,Imprimerie Laballery 357,Impression,125 rue des Editeurs,Dijon,21,13804
359,Papeteries Lana 358,Fourniture Papier,100 rue des Editeurs,Clermont-Ferrand,63,54057
360,Belles Lettres Diffusion 359,Distribution,172 rue des Editeurs,Montpellier,34,99016
361,Imprimerie Nationale 360,Impression,104 rue des Editeurs,Paris,75,31632
362,Papeteries du Rhone 361,Fourniture Papier,120 rue des Editeurs,Lyon,69,26728
363,Diffusion Hachette 362,Distribution,160 rue des Editeurs,Marseille,13,80008
364,Imprimerie Chirat 363,Impression,7 rue des Editeurs,Toulouse,31,61645
365,Papiers de France 364,Fourniture Papier,152 rue des Editeurs,Bordeaux,33,83975
366,Sodis Distribution 365,Distribution,170 rue des Editeurs,Nantes,44,13552
367,Imprimerie Pollina 366,Impression,22 rue des Editeurs,Strasbourg,67,94246
368,Arctic Paper France 367,Fourniture Papier,110 rue des Editeurs,Lille,59,27786
369,Interforum 368,Distribution,119 rue des Editeurs,Rennes,35,33819
370,Imprimerie Floch 369,Impression,13 rue des Editeurs,Grenoble,38,44099
371,Papeteries Canson 370,Fourniture Papier,98 rue des Editeurs,Rouen,76,52906
372,MDS Logistique 371,Distribution,55 rue des Editeurs,Tours,37,69598
373,Imprimerie Brodard 372,Impression,84 rue des Editeurs,Dijon,21,54236
374,Papeteries Clairefontaine 373,Fourniture Papier,195 rue des Editeurs,Clermont-Ferrand,63,59692
375,Volumen Distribution 374,Distribution,72 rue des Editeurs,Montpellier,34,65255
376,CPI Imprimerie 375,Impression,65 rue des Editeurs,Paris,75,20735
377,Fedrigoni France 376,Fourniture Papier,121 rue des Editeurs,Lyon,69,12540
378,Harmonia Mundi Livre 377,Distribution,192 rue des Editeurs,Marseille,13,80702
379,Normandie Roto 378,Impression,14 rue des Editeurs,Toulouse,31,55870
380,Sequana Papier 379,Fourniture Papier,58 rue des Editeurs,Bordeaux,33,95215
381,UD Distribution 380,Distribution,18 rue des Editeurs,Nantes,44,95426
382,Imprimerie Aubin 381,Impression,11 rue des Editeurs,Strasbourg,67,14067
383,Papeteries Hamelin 382,Fourniture Papier,64 rue des Editeurs,Lille,59,36130
384,Dilisco 383,Distribution,6 rue des Editeurs,Rennes,35,91439
385,Jouve Impression 384,Impression,40 rue des Editeurs,Grenoble,38,41266
386,Munken Paper 385,Fourniture Papier,33 rue des Editeurs,Rouen,76,72070
387,Pollen Diffusion 386,Distribution,172 rue des Editeurs,Tours,37,24993
388,Imprimerie Laballery 387,Impression,145 rue des Editeurs,Dijon,21,38569
389,Papeteries Lana 388,Fourniture Papier,120 rue des Editeurs,Clermont-Ferrand,63,43586
390,Belles Lettres Diffusion 389,Distribution,197 rue des Editeurs,Montpellier,34,58351
391,Imprimerie Nationale 390,Impression,43 rue des Editeurs,Paris,75,89415
392,Papeteries du Rhone 391,Fourniture Papier,156 rue des Editeurs,Lyon,69,25012
393,Diffusion Hachette 392,Distribution,200 rue des Editeurs,Marseille,13,31465
394,Imprimerie Chirat 393,Impression,80 rue des Editeurs,Toulouse,31,24168
395,Papiers de France 394,Fourniture Papier,149 rue des Editeurs,Bordeaux,33,13365
396,Sodis Distribution 395,Distribution,80 rue des Editeurs,Nantes,44,85470
397,Imprimerie Pollina 396,Impression,174 rue des Editeurs,Strasbourg,67,59192
398,Arctic Paper France 397,Fourniture Papier,102 rue des Editeurs,Lille,59,35995
399,Interforum 398,Distribution,20 rue des Editeurs,Rennes,35,87607
400,Imprimerie Floch 399,Impression,177 rue des Editeurs,Grenoble,38,92213
401,Papeteries Canson 400,Fourniture Papier,63 rue des Editeurs,Rouen,76,23356
402,MDS Logistique 401,Distribution,179 rue des Editeurs,Tours,37,49529
403,Imprimerie Brodard 402,Impression,176 rue des Editeurs,Dijon,21,88697
404,Papeteries Clairefontaine 403,Fourniture Papier,31 rue des Editeurs,Clermont-Ferrand,63,84177
405,Volumen Distribution 404,Distribution,11 rue des Editeurs,Montpellier,34,55508
406,CPI Imprimerie 405,Impression,137 rue des Editeurs,Paris,75,66148
407,Fedrigoni France 406,Fourniture Papier,170 rue des Editeurs,Lyon,69,58571
408,Harmonia Mundi Livre 407,Distribution,18 rue des Editeurs,Marseille,13,76317
409,Normandie Roto 408,Impression,166 rue des Editeurs,Toulouse,31,54725
410,Sequana Papier 409,Fourniture Papier,4 rue des Editeurs,Bordeaux,33,65057
411,UD Distribution 410,Distribution,126 rue des Editeurs,Nantes,44,23833
412,Imprimerie Aubin 411,Impression,111 rue des Editeurs,Strasbourg,67,57472
413,Papeteries Hamelin 412,Fourniture Papier,163 rue des Editeurs,Lille,59,70258
414,Dilisco 413,Distribution,182 rue des Editeurs,Rennes,35,30052
415,Jouve Impression 414,Impression,112 rue des Editeurs,Grenoble,38,33086
416,Munken Paper 415,Fourniture Papier,188 rue des Editeurs,Rouen,76,78386
417,Pollen Diffusion 416,Distribution,167 rue des Editeurs,Tours,37,45400
418,Imprimerie Laballery 417,Impression,158 rue des Editeurs,Dijon,21,80539
419,Papeteries Lana 418,Fourniture Papier,199 rue des Editeurs,Clermont-Ferrand,63,73372
420,Belles Lettres Diffusion 419,Distribution,120 rue des Editeurs,Montpellier,34,67091
421,Imprimerie Nationale 420,Impression,188 rue des Editeurs,Paris,75,87656
422,Papeteries du Rhone 421,Fourniture Papier,69 rue des Editeurs,Lyon,69,52245
423,Diffusion Hachette 422,Distribution,63 rue des Editeurs,Marseille,13,21359
424,Imprimerie Chirat 423,Impression,72 rue des Editeurs,Toulouse,31,69087
425,Papiers de France 424,Fourniture Papier,63 rue des Editeurs,Bordeaux,33,70910
426,Sodis Distribution 425,Distribution,146 rue des Editeurs,Nantes,44,89997
427,Imprimerie Pollina 426,Impression,172 rue des Editeurs,Strasbourg,67,59674
428,Arctic Paper France 427,Fourniture Papier,87 rue des Editeurs,Lille,59,13761
429,Interforum 428,Distribution,127 rue des Editeurs,Rennes,35,52600
430,Imprimerie Floch 429,Impression,47 rue des Editeurs,Grenoble,38,73904
431,Papeteries Canson 430,Fourniture Papier,55 rue des Editeurs,Rouen,76,56507
432,MDS Logistique 431,Distribution,67 rue des Editeurs,Tours,37,54608
433,Imprimerie Brodard 432,Impression,72 rue des Editeurs,Dijon,21,88139
434,Papeteries Clairefontaine 433,Fourniture Papier,180 rue des Editeurs,Clermont-Ferrand,63,46211
435,Volumen Distribution 434,Distribution,143 rue des Editeurs,Montpellier,34,11330
436,CPI Imprimerie 435,Impression,133 rue des Editeurs,Paris,75,35042
437,Fedrigoni France 436,Fourniture Papier,22 rue des Editeurs,Lyon,69,41635
438,Harmonia Mundi Livre 437,Distribution,185 rue des Editeurs,Marseille,13,63271
439,Normandie Roto 438,Impression,126 rue des Editeurs,Toulouse,31,82768
440,Sequana Papier 439,Fourniture Papier,195 rue des Editeurs,Bordeaux,33,41499
441,UD Distribution 440,Distribution,177 rue des Editeurs,Nantes,44,72402
442,Imprimerie Aubin 441,Impression,166 rue des Editeurs,Strasbourg,67,74332
443,Papeteries Hamelin 442,Fourniture Papier,115 rue des Editeurs,Lille,59,12260
444,Dilisco 443,Distribution,24 rue des Editeurs,Rennes,35,48566
445,Jouve Impression 444,Impression,57 rue des Editeurs,Grenoble,38,63005
446,Munken Paper 445,Fourniture Papier,178 rue des Editeurs,Rouen,76,41890
447,Pollen Diffusion 446,Distribution,79 rue des Editeurs,Tours,37,97026
448,Imprimerie Laballery 447,Impression,149 rue des Editeurs,Dijon,21,58368
449,Papeteries Lana 448,Fourniture Papier,122 rue des Editeurs,Clermont-Ferrand,63,82544
450,Belles Lettres Diffusion 449,Distribution,136 rue des Editeurs,Montpellier,34,55056
451,Imprimerie Nationale 450,Impression,109 rue des Editeurs,Paris,75,82140
452,Papeteries du Rhone 451,Fourniture Papier,85 rue des Editeurs,Lyon,69,56112
453,Diffusion Hachette 452,Distribution,180 rue des Editeurs,Marseille,13,69473
454,Imprimerie Chirat 453,Impression,70 rue des Editeurs,Toulouse,31,50189
455,Papiers de France 454,Fourniture Papier,65 rue des Editeurs,Bordeaux,33,40217
456,Sodis Distribution 455,Distribution,31 rue des Editeurs,Nantes,44,35242
457,Imprimerie Pollina 456,Impression,81 rue des Editeurs,Strasbourg,67,25670
458,Arctic Paper France 457,Fourniture Papier,191 rue des Editeurs,Lille,59,80236
459,Interforum 458,Distribution,196 rue des Editeurs,Rennes,35,34267
460,Imprimerie Floch 459,Impression,50 rue des Editeurs,Grenoble,38,38361
461,Papeteries Canson 460,Fourniture Papier,190 rue des Editeurs,Rouen,76,73464
462,MDS Logistique 461,Distribution,71 rue des Editeurs,Tours,37,87278
463,Imprimerie Brodard 462,Impression,195 rue des Editeurs,Dijon,21,78765
464,Papeteries Clairefontaine 463,Fourniture Papier,153 rue des Editeurs,Clermont-Ferrand,63,47093
465,Volumen Distribution 464,Distribution,26 rue des Editeurs,Montpellier,34,35443
466,CPI Imprimerie 465,Impression,76 rue des Editeurs,Paris,75,39816
467,Fedrigoni France 466,Fourniture Papier,93 rue des Editeurs,Lyon,69,33519
468,Harmonia Mundi Livre 467,Distribution,78 rue des Editeurs,Marseille,13,11854
469,Normandie Roto 468,Impression,182 rue des Editeurs,Toulouse,31,80010
470,Sequana Papier 469,Fourniture Papier,33 rue des Editeurs,Bordeaux,33,45954
471,UD Distribution 470,Distribution,12 rue des Editeurs,Nantes,44,17146
472,Imprimerie Aubin 471,Impression,142 rue des Editeurs,Strasbourg,67,48290
473,Papeteries Hamelin 472,Fourniture Papier,179 rue des Editeurs,Lille,59,26551
474,Dilisco 473,Distribution,164 rue des Editeurs,Rennes,35,74340
475,Jouve Impression 474,Impression,27 rue des Editeurs,Grenoble,38,11607
476,Munken Paper 475,Fourniture Papier,147 rue des Editeurs,Rouen,76,47268
477,Pollen Diffusion 476,Distribution,121 rue des Editeurs,Tours,37,72746
478,Imprimerie Laballery 477,Impression,113 rue des Editeurs,Dijon,21,54657
479,Papeteries Lana 478,Fourniture Papier,48 rue des Editeurs,Clermont-Ferrand,63,16734
480,Belles Lettres Diffusion 479,Distribution,65 rue des Editeurs,Montpellier,34,72616
481,Imprimerie Nationale 480,Impression,30 rue des Editeurs,Paris,75,18564
482,Papeteries du Rhone 481,Fourniture Papier,103 rue des Editeurs,Lyon,69,74454
483,Diffusion Hachette 482,Distribution,19 rue des Editeurs,Marseille,13,85631
484,Imprimerie Chirat 483,Impression,162 rue des Editeurs,Toulouse,31,99974
485,Papiers de France 484,Fourniture Papier,14 rue des Editeurs,Bordeaux,33,29887
486,Sodis Distribution 485,Distribution,39 rue des Editeurs,Nantes,44,83772
487,Imprimerie Pollina 486,Impression,78 rue des Editeurs,Strasbourg,67,21164
488,Arctic Paper France 487,Fourniture Papier,64 rue des Editeurs,Lille,59,25525
489,Interforum 488,Distribution,143 rue des Editeurs,Rennes,35,64548
490,Imprimerie Floch 489,Impression,156 rue des Editeurs,Grenoble,38,88135
491,Papeteries Canson 490,Fourniture Papier,159 rue des Editeurs,Rouen,76,39581
492,MDS Logistique 491,Distribution,199 rue des Editeurs,Tours,37,78494
493,Imprimerie Brodard 492,Impression,98 rue des Editeurs,Dijon,21,69049
494,Papeteries Clairefontaine 493,Fourniture Papier,114 rue des Editeurs,Clermont-Ferrand,63,48974
495,Volumen Distribution 494,Distribution,151 rue des Editeurs,Montpellier,34,66207
496,CPI Imprimerie 495,Impression,79 rue des Editeurs,Paris,75,84531
497,Fedrigoni France 496,Fourniture Papier,159 rue des Editeurs,Lyon,69,17894
498,Harmonia Mundi Livre 497,Distribution,157 rue des Editeurs,Marseille,13,23006
499,Normandie Roto 498,Impression,196 rue des Editeurs,Toulouse,31,37235
500,Sequana Papier 499,Fourniture Papier,161 rue des Editeurs,Bordeaux,33,37659
501,UD Distribution 500,Distribution,68 rue des Editeurs,Nantes,44,96563
502,Imprimerie Aubin 501,Impression,21 rue des Editeurs,Strasbourg,67,30585
503,Papeteries Hamelin 502,Fourniture Papier,62 rue des Editeurs,Lille,59,32782
504,Dilisco 503,Distribution,142 rue des Editeurs,Rennes,35,19838
505,Jouve Impression 504,Impression,41 rue des Editeurs,Grenoble,38,10350
506,Munken Paper 505,Fourniture Papier,105 rue des Editeurs,Rouen,76,69048
507,Pollen Diffusion 506,Distribution,177 rue des Editeurs,Tours,37,87832
508,Imprimerie Laballery 507,Impression,121 rue des Editeurs,Dijon,21,48175
509,Papeteries Lana 508,Fourniture Papier,9 rue des Editeurs,Clermont-Ferrand,63,40340
510,Belles Lettres Diffusion 509,Distribution,74 rue des Editeurs,Montpellier,34,47056
511,Imprimerie Nationale 510,Impression,180 rue des Editeurs,Paris,75,69510
512,Papeteries du Rhone 511,Fourniture Papier,19 rue des Editeurs,Lyon,69,40595
513,Diffusion Hachette 512,Distribution,68 rue des Editeurs,Marseille,13,91927
514,Imprimerie Chirat 513,Impression,151 rue des Editeurs,Toulouse,31,96662
515,Papiers de France 514,Fourniture Papier,51 rue des Editeurs,Bordeaux,33,65723
516,Sodis Distribution 515,Distribution,30 rue des Editeurs,Nantes,44,81376
517,Imprimerie Pollina 516,Impression,58 rue des Editeurs,Strasbourg,67,94886
518,Arctic Paper France 517,Fourniture Papier,39 rue des Editeurs,Lille,59,44816
519,Interforum 518,Distribution,37 rue des Editeurs,Rennes,35,19359
520,Imprimerie Floch 519,Impression,16 rue des Editeurs,Grenoble,38,31747
521,Papeteries Canson 520,Fourniture Papier,79 rue des Editeurs,Rouen,76,87993
522,MDS Logistique 521,Distribution,192 rue des Editeurs,Tours,37,84607
523,Imprimerie Brodard 522,Impression,74 rue des Editeurs,Dijon,21,67560
524,Papeteries Clairefontaine 523,Fourniture Papier,32 rue des Editeurs,Clermont-Ferrand,63,71433
525,Volumen Distribution 524,Distribution,177 rue des Editeurs,Montpellier,34,49857
526,CPI Imprimerie 525,Impression,180 rue des Editeurs,Paris,75,62757
527,Fedrigoni France 526,Fourniture Papier,70 rue des Editeurs,Lyon,69,75597
528,Harmonia Mundi Livre 527,Distribution,139 rue des Editeurs,Marseille,13,74722
529,Normandie Roto 528,Impression,113 rue des Editeurs,Toulouse,31,20543
530,Sequana Papier 529,Fourniture Papier,154 rue des Editeurs,Bordeaux,33,15224
531,UD Distribution 530,Distribution,111 rue des Editeurs,Nantes,44,52247
532,Imprimerie Aubin 531,Impression,155 rue des Editeurs,Strasbourg,67,42816
533,Papeteries Hamelin 532,Fourniture Papier,7 rue des Editeurs,Lille,59,21970
534,Dilisco 533,Distribution,59 rue des Editeurs,Rennes,35,98381
535,Jouve Impression 534,Impression,148 rue des Editeurs,Grenoble,38,86955
536,Munken Paper 535,Fourniture Papier,6 rue des Editeurs,Rouen,76,98117
537,Pollen Diffusion 536,Distribution,69 rue des Editeurs,Tours,37,85529
538,Imprimerie Laballery 537,Impression,11 rue des Editeurs,Dijon,21,32962
539,Papeteries Lana 538,Fourniture Papier,121 rue des Editeurs,Clermont-Ferrand,63,78021
540,Belles Lettres Diffusion 539,Distribution,167 rue des Editeurs,Montpellier,34,67963
541,Imprimerie Nationale 540,Impression,72 rue des Editeurs,Paris,75,33788
542,Papeteries du Rhone 541,Fourniture Papier,150 rue des Editeurs,Lyon,69,67132
543,Diffusion Hachette 542,Distribution,163 rue des Editeurs,Marseille,13,74451
544,Imprimerie Chirat 543,Impression,24 rue des Editeurs,Toulouse,31,71605
545,Papiers de France 544,Fourniture Papier,90 rue des Editeurs,Bordeaux,33,63523
546,Sodis Distribution 545,Distribution,86 rue des Editeurs,Nantes,44,52081
547,Imprimerie Pollina 546,Impression,172 rue des Editeurs,Strasbourg,67,23710
548,Arctic Paper France 547,Fourniture Papier,42 rue des Editeurs,Lille,59,53228
549,Interforum 548,Distribution,106 rue des Editeurs,Rennes,35,74942
550,Imprimerie Floch 549,Impression,74 rue des Editeurs,Grenoble,38,96846
551,Papeteries Canson 550,Fourniture Papier,103 rue des Editeurs,Rouen,76,82102
552,MDS Logistique 551,Distribution,10 rue des Editeurs,Tours,37,69614
553,Imprimerie Brodard 552,Impression,23 rue des Editeurs,Dijon,21,51224
554,Papeteries Clairefontaine 553,Fourniture Papier,65 rue des Editeurs,Clermont-Ferrand,63,52372
555,Volumen Distribution 554,Distribution,30 rue des Editeurs,Montpellier,34,62976
556,CPI Imprimerie 555,Impression,132 rue des Editeurs,Paris,75,10150
557,Fedrigoni France 556,Fourniture Papier,169 rue des Editeurs,Lyon,69,81118
558,Harmonia Mundi Livre 557,Distribution,119 rue des Editeurs,Marseille,13,64165
559,Normandie Roto 558,Impression,14 rue des Editeurs,Toulouse,31,34586
560,Sequana Papier 559,Fourniture Papier,133 rue des Editeurs,Bordeaux,33,57419
561,UD Distribution 560,Distribution,160 rue des Editeurs,Nantes,44,75338
562,Imprimerie Aubin 561,Impression,161 rue des Editeurs,Strasbourg,67,67939
563,Papeteries Hamelin 562,Fourniture Papier,195 rue des Editeurs,Lille,59,16764
564,Dilisco 563,Distribution,53 rue des Editeurs,Rennes,35,45003
565,Jouve Impression 564,Impression,141 rue des Editeurs,Grenoble,38,27172
566,Munken Paper 565,Fourniture Papier,74 rue des Editeurs,Rouen,76,67424
567,Pollen Diffusion 566,Distribution,179 rue des Editeurs,Tours,37,73532
568,Imprimerie Laballery 567,Impression,32 rue des Editeurs,Dijon,21,13783
569,Papeteries Lana 568,Fourniture Papier,162 rue des Editeurs,Clermont-Ferrand,63,89806
570,Belles Lettres Diffusion 569,Distribution,62 rue des Editeurs,Montpellier,34,30758
571,Imprimerie Nationale 570,Impression,80 rue des Editeurs,Paris,75,82199
572,Papeteries du Rhone 571,Fourniture Papier,4 rue des Editeurs,Lyon,69,82384
573,Diffusion Hachette 572,Distribution,105 rue des Editeurs,Marseille,13,22217
574,Imprimerie Chirat 573,Impression,58 rue des Editeurs,Toulouse,31,24871
575,Papiers de France 574,Fourniture Papier,119 rue des Editeurs,Bordeaux,33,25396
576,Sodis Distribution 575,Distribution,166 rue des Editeurs,Nantes,44,30181
577,Imprimerie Pollina 576,Impression,128 rue des Editeurs,Strasbourg,67,48254
578,Arctic Paper France 577,Fourniture Papier,131 rue des Editeurs,Lille,59,45838
579,Interforum 578,Distribution,107 rue des Editeurs,Rennes,35,73242
580,Imprimerie Floch 579,Impression,121 rue des Editeurs,Grenoble,38,41946
581,Papeteries Canson 580,Fourniture Papier,117 rue des Editeurs,Rouen,76,82255
582,MDS Logistique 581,Distribution,38 rue des Editeurs,Tours,37,60277
583,Imprimerie Brodard 582,Impression,49 rue des Editeurs,Dijon,21,88561
584,Papeteries Clairefontaine 583,Fourniture Papier,131 rue des Editeurs,Clermont-Ferrand,63,27892
585,Volumen Distribution 584,Distribution,18 rue des Editeurs,Montpellier,34,46208
586,CPI Imprimerie 585,Impression,198 rue des Editeurs,Paris,75,64387
587,Fedrigoni France 586,Fourniture Papier,88 rue des Editeurs,Lyon,69,76550
588,Harmonia Mundi Livre 587,Distribution,69 rue des Editeurs,Marseille,13,10336
589,Normandie Roto 588,Impression,73 rue des Editeurs,Toulouse,31,49132
590,Sequana Papier 589,Fourniture Papier,151 rue des Editeurs,Bordeaux,33,86011
591,UD Distribution 590,Distribution,169 rue des Editeurs,Nantes,44,74178
592,Imprimerie Aubin 591,Impression,39 rue des Editeurs,Strasbourg,67,68529
593,Papeteries Hamelin 592,Fourniture Papier,138 rue des Editeurs,Lille,59,73483
594,Dilisco 593,Distribution,89 rue des Editeurs,Rennes,35,53573
595,Jouve Impression 594,Impression,142 rue des Editeurs,Grenoble,38,81228
596,Munken Paper 595,Fourniture Papier,97 rue des Editeurs,Rouen,76,69682
597,Pollen Diffusion 596,Distribution,83 rue des Editeurs,Tours,37,34727
598,Imprimerie Laballery 597,Impression,179 rue des Editeurs,Dijon,21,41300
599,Papeteries Lana 598,Fourniture Papier,147 rue des Editeurs,Clermont-Ferrand,63,60196
600,Belles Lettres Diffusion 599,Distribution,60 rue des Editeurs,Montpellier,34,63841
601,Imprimerie Nationale 600,Impression,12 rue des Editeurs,Paris,75,51704
602,Papeteries du Rhone 601,Fourniture Papier,191 rue des Editeurs,Lyon,69,71993
603,Diffusion Hachette 602,Distribution,181 rue des Editeurs,Marseille,13,59968
604,Imprimerie Chirat 603,Impression,99 rue des Editeurs,Toulouse,31,96991
605,Papiers de France 604,Fourniture Papier,167 rue des Editeurs,Bordeaux,33,29936
606,Sodis Distribution 605,Distribution,127 rue des Editeurs,Nantes,44,14852
607,Imprimerie Pollina 606,Impression,33 rue des Editeurs,Strasbourg,67,75836
608,Arctic Paper France 607,Fourniture Papier,152 rue des Editeurs,Lille,59,53515
609,Interforum 608,Distribution,26 rue des Editeurs,Rennes,35,67711
610,Imprimerie Floch 609,Impression,26 rue des Editeurs,Grenoble,38,78937
611,Papeteries Canson 610,Fourniture Papier,117 rue des Editeurs,Rouen,76,12011
612,MDS Logistique 611,Distribution,185 rue des Editeurs,Tours,37,28894
613,Imprimerie Brodard 612,Impression,105 rue des Editeurs,Dijon,21,95823
614,Papeteries Clairefontaine 613,Fourniture Papier,40 rue des Editeurs,Clermont-Ferrand,63,19807
615,Volumen Distribution 614,Distribution,121 rue des Editeurs,Montpellier,34,44737
616,CPI Imprimerie 615,Impression,87 rue des Editeurs,Paris,75,91691
617,Fedrigoni France 616,Fourniture Papier,178 rue des Editeurs,Lyon,69,62098
618,Harmonia Mundi Livre 617,Distribution,167 rue des Editeurs,Marseille,13,20527
619,Normandie Roto 618,Impression,85 rue des Editeurs,Toulouse,31,98389
620,Sequana Papier 619,Fourniture Papier,137 rue des Editeurs,Bordeaux,33,59808
621,UD Distribution 620,Distribution,82 rue des Editeurs,Nantes,44,92155
622,Imprimerie Aubin 621,Impression,184 rue des Editeurs,Strasbourg,67,73956
623,Papeteries Hamelin 622,Fourniture Papier,139 rue des Editeurs,Lille,59,14705
624,Dilisco 623,Distribution,159 rue des Editeurs,Rennes,35,18968
625,Jouve Impression 624,Impression,61 rue des Editeurs,Grenoble,38,92727
626,Munken Paper 625,Fourniture Papier,176 rue des Editeurs,Rouen,76,47667
627,Pollen Diffusion 626,Distribution,59 rue des Editeurs,Tours,37,21846
628,Imprimerie Laballery 627,Impression,112 rue des Editeurs,Dijon,21,22903
629,Papeteries Lana 628,Fourniture Papier,195 rue des Editeurs,Clermont-Ferrand,63,93066
630,Belles Lettres Diffusion 629,Distribution,181 rue des Editeurs,Montpellier,34,23173
631,Imprimerie Nationale 630,Impression,114 rue des Editeurs,Paris,75,31805
632,Papeteries du Rhone 631,Fourniture Papier,178 rue des Editeurs,Lyon,69,49251
633,Diffusion Hachette 632,Distribution,8 rue des Editeurs,Marseille,13,16028
634,Imprimerie Chirat 633,Impression,84 rue des Editeurs,Toulouse,31,17355
635,Papiers de France 634,Fourniture Papier,76 rue des Editeurs,Bordeaux,33,56984
636,Sodis Distribution 635,Distribution,96 rue des Editeurs,Nantes,44,66450
637,Imprimerie Pollina 636,Impression,38 rue des Editeurs,Strasbourg,67,42007
638,Arctic Paper France 637,Fourniture Papier,136 rue des Editeurs,Lille,59,64008
639,Interforum 638,Distribution,145 rue des Editeurs,Rennes,35,99364
640,Imprimerie Floch 639,Impression,47 rue des Editeurs,Grenoble,38,32280
641,Papeteries Canson 640,Fourniture Papier,45 rue des Editeurs,Rouen,76,20350
642,MDS Logistique 641,Distribution,157 rue des Editeurs,Tours,37,60140
643,Imprimerie Brodard 642,Impression,159 rue des Editeurs,Dijon,21,99539
644,Papeteries Clairefontaine 643,Fourniture Papier,62 rue des Editeurs,Clermont-Ferrand,63,75230
645,Volumen Distribution 644,Distribution,150 rue des Editeurs,Montpellier,34,28758
646,CPI Imprimerie 645,Impression,60 rue des Editeurs,Paris,75,70443
647,Fedrigoni France 646,Fourniture Papier,164 rue des Editeurs,Lyon,69,43289
648,Harmonia Mundi Livre 647,Distribution,118 rue des Editeurs,Marseille,13,43466
649,Normandie Roto 648,Impression,171 rue des Editeurs,Toulouse,31,11231
650,Sequana Papier 649,Fourniture Papier,120 rue des Editeurs,Bordeaux,33,47700
651,UD Distribution 650,Distribution,174 rue des Editeurs,Nantes,44,81643
652,Imprimerie Aubin 651,Impression,41 rue des Editeurs,Strasbourg,67,19681
653,Papeteries Hamelin 652,Fourniture Papier,114 rue des Editeurs,Lille,59,55293
654,Dilisco 653,Distribution,151 rue des Editeurs,Rennes,35,49210
655,Jouve Impression 654,Impression,164 rue des Editeurs,Grenoble,38,65615
656,Munken Paper 655,Fourniture Papier,177 rue des Editeurs,Rouen,76,42780
657,Pollen Diffusion 656,Distribution,117 rue des Editeurs,Tours,37,49599
658,Imprimerie Laballery 657,Impression,51 rue des Editeurs,Dijon,21,60422
659,Papeteries Lana 658,Fourniture Papier,124 rue des Editeurs,Clermont-Ferrand,63,23979
660,Belles Lettres Diffusion 659,Distribution,61 rue des Editeurs,Montpellier,34,59986
661,Imprimerie Nationale 660,Impression,147 rue des Editeurs,Paris,75,57049
662,Papeteries du Rhone 661,Fourniture Papier,148 rue des Editeurs,Lyon,69,48780
663,Diffusion Hachette 662,Distribution,180 rue des Editeurs,Marseille,13,48696
664,Imprimerie Chirat 663,Impression,6 rue des Editeurs,Toulouse,31,96275
665,Papiers de France 664,Fourniture Papier,102 rue des Editeurs,Bordeaux,33,45976
666,Sodis Distribution 665,Distribution,3 rue des Editeurs,Nantes,44,84177
667,Imprimerie Pollina 666,Impression,176 rue des Editeurs,Strasbourg,67,16428
668,Arctic Paper France 667,Fourniture Papier,156 rue des Editeurs,Lille,59,75107
669,Interforum 668,Distribution,74 rue des Editeurs,Rennes,35,40162
670,Imprimerie Floch 669,Impression,156 rue des Editeurs,Grenoble,38,56179
671,Papeteries Canson 670,Fourniture Papier,57 rue des Editeurs,Rouen,76,93442
672,MDS Logistique 671,Distribution,49 rue des Editeurs,Tours,37,91381
673,Imprimerie Brodard 672,Impression,65 rue des Editeurs,Dijon,21,98835
674,Papeteries Clairefontaine 673,Fourniture Papier,194 rue des Editeurs,Clermont-Ferrand,63,96400
675,Volumen Distribution 674,Distribution,175 rue des Editeurs,Montpellier,34,27927
676,CPI Imprimerie 675,Impression,161 rue des Editeurs,Paris,75,22735
677,Fedrigoni France 676,Fourniture Papier,161 rue des Editeurs,Lyon,69,94717
678,Harmonia Mundi Livre 677,Distribution,11 rue des Editeurs,Marseille,13,50492
679,Normandie Roto 678,Impression,113 rue des Editeurs,Toulouse,31,14373
680,Sequana Papier 679,Fourniture Papier,149 rue des Editeurs,Bordeaux,33,57823
681,UD Distribution 680,Distribution,188 rue des Editeurs,Nantes,44,27224
682,Imprimerie Aubin 681,Impression,24 rue des Editeurs,Strasbourg,67,48680
683,Papeteries Hamelin 682,Fourniture Papier,84 rue des Editeurs,Lille,59,64460
684,Dilisco 683,Distribution,45 rue des Editeurs,Rennes,35,36318
685,Jouve Impression 684,Impression,34 rue des Editeurs,Grenoble,38,80701
686,Munken Paper 685,Fourniture Papier,94 rue des Editeurs,Rouen,76,79579
687,Pollen Diffusion 686,Distribution,129 rue des Editeurs,Tours,37,45720
688,Imprimerie Laballery 687,Impression,43 rue des Editeurs,Dijon,21,43681
689,Papeteries Lana 688,Fourniture Papier,124 rue des Editeurs,Clermont-Ferrand,63,48684
690,Belles Lettres Diffusion 689,Distribution,192 rue des Editeurs,Montpellier,34,54396
691,Imprimerie Nationale 690,Impression,30 rue des Editeurs,Paris,75,71385
692,Papeteries du Rhone 691,Fourniture Papier,20 rue des Editeurs,Lyon,69,28449
693,Diffusion Hachette 692,Distribution,194 rue des Editeurs,Marseille,13,39571
694,Imprimerie Chirat 693,Impression,174 rue des Editeurs,Toulouse,31,98395
695,Papiers de France 694,Fourniture Papier,102 rue des Editeurs,Bordeaux,33,83048
696,Sodis Distribution 695,Distribution,94 rue des Editeurs,Nantes,44,21836
697,Imprimerie Pollina 696,Impression,102 rue des Editeurs,Strasbourg,67,11824
698,Arctic Paper France 697,Fourniture Papier,68 rue des Editeurs,Lille,59,80329
699,Interforum 698,Distribution,32 rue des Editeurs,Rennes,35,69609
700,Imprimerie Floch 699,Impression,95 rue des Editeurs,Grenoble,38,98188
701,Papeteries Canson 700,Fourniture Papier,192 rue des Editeurs,Rouen,76,98125
702,MDS Logistique 701,Distribution,68 rue des Editeurs,Tours,37,86619
703,Imprimerie Brodard 702,Impression,98 rue des Editeurs,Dijon,21,93695
704,Papeteries Clairefontaine 703,Fourniture Papier,96 rue des Editeurs,Clermont-Ferrand,63,24201
705,Volumen Distribution 704,Distribution,173 rue des Editeurs,Montpellier,34,40647
706,CPI Imprimerie 705,Impression,121 rue des Editeurs,Paris,75,13280
707,Fedrigoni France 706,Fourniture Papier,159 rue des Editeurs,Lyon,69,83584
708,Harmonia Mundi Livre 707,Distribution,84 rue des Editeurs,Marseille,13,89964
709,Normandie Roto 708,Impression,57 rue des Editeurs,Toulouse,31,94889
710,Sequana Papier 709,Fourniture Papier,17 rue des Editeurs,Bordeaux,33,93283
711,UD Distribution 710,Distribution,119 rue des Editeurs,Nantes,44,49608
712,Imprimerie Aubin 711,Impression,167 rue des Editeurs,Strasbourg,67,63516
713,Papeteries Hamelin 712,Fourniture Papier,30 rue des Editeurs,Lille,59,28320
714,Dilisco 713,Distribution,12 rue des Editeurs,Rennes,35,14877
715,Jouve Impression 714,Impression,78 rue des Editeurs,Grenoble,38,74569
716,Munken Paper 715,Fourniture Papier,30 rue des Editeurs,Rouen,76,22739
717,Pollen Diffusion 716,Distribution,61 rue des Editeurs,Tours,37,80457
718,Imprimerie Laballery 717,Impression,35 rue des Editeurs,Dijon,21,60940
719,Papeteries Lana 718,Fourniture Papier,117 rue des Editeurs,Clermont-Ferrand,63,58629
720,Belles Lettres Diffusion 719,Distribution,172 rue des Editeurs,Montpellier,34,80804
721,Imprimerie Nationale 720,Impression,108 rue des Editeurs,Paris,75,86983
722,Papeteries du Rhone 721,Fourniture Papier,191 rue des Editeurs,Lyon,69,30253
723,Diffusion Hachette 722,Distribution,107 rue des Editeurs,Marseille,13,95841
724,Imprimerie Chirat 723,Impression,26 rue des Editeurs,Toulouse,31,74139
725,Papiers de France 724,Fourniture Papier,158 rue des Editeurs,Bordeaux,33,63492
726,Sodis Distribution 725,Distribution,72 rue des Editeurs,Nantes,44,14288
727,Imprimerie Pollina 726,Impression,177 rue des Editeurs,Strasbourg,67,58566
728,Arctic Paper France 727,Fourniture Papier,56 rue des Editeurs,Lille,59,68115
729,Interforum 728,Distribution,114 rue des Editeurs,Rennes,35,40947
730,Imprimerie Floch 729,Impression,93 rue des Editeurs,Grenoble,38,23022
731,Papeteries Canson 730,Fourniture Papier,176 rue des Editeurs,Rouen,76,58147
732,MDS Logistique 731,Distribution,140 rue des Editeurs,Tours,37,94518
733,Imprimerie Brodard 732,Impression,92 rue des Editeurs,Dijon,21,17936
734,Papeteries Clairefontaine 733,Fourniture Papier,102 rue des Editeurs,Clermont-Ferrand,63,46160
735,Volumen Distribution 734,Distribution,49 rue des Editeurs,Montpellier,34,26011
736,CPI Imprimerie 735,Impression,117 rue des Editeurs,Paris,75,22015
737,Fedrigoni France 736,Fourniture Papier,170 rue des Editeurs,Lyon,69,37801
738,Harmonia Mundi Livre 737,Distribution,165 rue des Editeurs,Marseille,13,93819
739,Normandie Roto 738,Impression,153 rue des Editeurs,Toulouse,31,12799
740,Sequana Papier 739,Fourniture Papier,13 rue des Editeurs,Bordeaux,33,53713
741,UD Distribution 740,Distribution,63 rue des Editeurs,Nantes,44,26505
742,Imprimerie Aubin 741,Impression,145 rue des Editeurs,Strasbourg,67,36896
743,Papeteries Hamelin 742,Fourniture Papier,18 rue des Editeurs,Lille,59,82641
744,Dilisco 743,Distribution,54 rue des Editeurs,Rennes,35,86858
745,Jouve Impression 744,Impression,56 rue des Editeurs,Grenoble,38,40539
746,Munken Paper 745,Fourniture Papier,85 rue des Editeurs,Rouen,76,29340
747,Pollen Diffusion 746,Distribution,153 rue des Editeurs,Tours,37,10371
748,Imprimerie Laballery 747,Impression,71 rue des Editeurs,Dijon,21,28964
749,Papeteries Lana 748,Fourniture Papier,34 rue des Editeurs,Clermont-Ferrand,63,80807
750,Belles Lettres Diffusion 749,Distribution,65 rue des Editeurs,Montpellier,34,32871
751,Imprimerie Nationale 750,Impression,29 rue des Editeurs,Paris,75,96646
752,Papeteries du Rhone 751,Fourniture Papier,7 rue des Editeurs,Lyon,69,27275
753,Diffusion Hachette 752,Distribution,4 rue des Editeurs,Marseille,13,56955
754,Imprimerie Chirat 753,Impression,61 rue des Editeurs,Toulouse,31,87182
755,Papiers de France 754,Fourniture Papier,83 rue des Editeurs,Bordeaux,33,12068
756,Sodis Distribution 755,Distribution,45 rue des Editeurs,Nantes,44,44782
757,Imprimerie Pollina 756,Impression,14 rue des Editeurs,Strasbourg,67,26614
758,Arctic Paper France 757,Fourniture Papier,190 rue des Editeurs,Lille,59,65176
759,Interforum 758,Distribution,135 rue des Editeurs,Rennes,35,24896
760,Imprimerie Floch 759,Impression,191 rue des Editeurs,Grenoble,38,18330
761,Papeteries Canson 760,Fourniture Papier,122 rue des Editeurs,Rouen,76,68756
762,MDS Logistique 761,Distribution,200 rue des Editeurs,Tours,37,57453
763,Imprimerie Brodard 762,Impression,132 rue des Editeurs,Dijon,21,87812
764,Papeteries Clairefontaine 763,Fourniture Papier,28 rue des Editeurs,Clermont-Ferrand,63,69245
765,Volumen Distribution 764,Distribution,129 rue des Editeurs,Montpellier,34,39038
766,CPI Imprimerie 765,Impression,158 rue des Editeurs,Paris,75,15683
767,Fedrigoni France 766,Fourniture Papier,187 rue des Editeurs,Lyon,69,96363
768,Harmonia Mundi Livre 767,Distribution,134 rue des Editeurs,Marseille,13,49535
769,Normandie Roto 768,Impression,118 rue des Editeurs,Toulouse,31,94323
770,Sequana Papier 769,Fourniture Papier,8 rue des Editeurs,Bordeaux,33,17972
771,UD Distribution 770,Distribution,123 rue des Editeurs,Nantes,44,62640
772,Imprimerie Aubin 771,Impression,110 rue des Editeurs,Strasbourg,67,99928
773,Papeteries Hamelin 772,Fourniture Papier,28 rue des Editeurs,Lille,59,74260
774,Dilisco 773,Distribution,183 rue des Editeurs,Rennes,35,68138
775,Jouve Impression 774,Impression,19 rue des Editeurs,Grenoble,38,20589
776,Munken Paper 775,Fourniture Papier,83 rue des Editeurs,Rouen,76,89730
777,Pollen Diffusion 776,Distribution,38 rue des Editeurs,Tours,37,18609
778,Imprimerie Laballery 777,Impression,33 rue des Editeurs,Dijon,21,46046
779,Papeteries Lana 778,Fourniture Papier,160 rue des Editeurs,Clermont-Ferrand,63,92978
780,Belles Lettres Diffusion 779,Distribution,150 rue des Editeurs,Montpellier,34,81874
781,Imprimerie Nationale 780,Impression,183 rue des Editeurs,Paris,75,52622
782,Papeteries du Rhone 781,Fourniture Papier,98 rue des Editeurs,Lyon,69,88301
783,Diffusion Hachette 782,Distribution,136 rue des Editeurs,Marseille,13,48652
784,Imprimerie Chirat 783,Impression,117 rue des Editeurs,Toulouse,31,76263
785,Papiers de France 784,Fourniture Papier,155 rue des Editeurs,Bordeaux,33,66387
786,Sodis Distribution 785,Distribution,26 rue des Editeurs,Nantes,44,24996
787,Imprimerie Pollina 786,Impression,168 rue des Editeurs,Strasbourg,67,95316
788,Arctic Paper France 787,Fourniture Papier,197 rue des Editeurs,Lille,59,82264
789,Interforum 788,Distribution,185 rue des Editeurs,Rennes,35,38183
790,Imprimerie Floch 789,Impression,111 rue des Editeurs,Grenoble,38,69186
791,Papeteries Canson 790,Fourniture Papier,59 rue des Editeurs,Rouen,76,64239
792,MDS Logistique 791,Distribution,87 rue des Editeurs,Tours,37,69441
793,Imprimerie Brodard 792,Impression,103 rue des Editeurs,Dijon,21,64524
794,Papeteries Clairefontaine 793,Fourniture Papier,187 rue des Editeurs,Clermont-Ferrand,63,22463
795,Volumen Distribution 794,Distribution,81 rue des Editeurs,Montpellier,34,65936
796,CPI Imprimerie 795,Impression,81 rue des Editeurs,Paris,75,97177
797,Fedrigoni France 796,Fourniture Papier,66 rue des Editeurs,Lyon,69,59060
798,Harmonia Mundi Livre 797,Distribution,40 rue des Editeurs,Marseille,13,72163
799,Normandie Roto 798,Impression,18 rue des Editeurs,Toulouse,31,21957
800,Sequana Papier 799,Fourniture Papier,22 rue des Editeurs,Bordeaux,33,22219
801,UD Distribution 800,Distribution,111 rue des Editeurs,Nantes,44,22656
802,Imprimerie Aubin 801,Impression,191 rue des Editeurs,Strasbourg,67,58843
803,Papeteries Hamelin 802,Fourniture Papier,34 rue des Editeurs,Lille,59,82924
804,Dilisco 803,Distribution,16 rue des Editeurs,Rennes,35,86869
805,Jouve Impression 804,Impression,144 rue des Editeurs,Grenoble,38,83620
806,Munken Paper 805,Fourniture Papier,85 rue des Editeurs,Rouen,76,97819
807,Pollen Diffusion 806,Distribution,32 rue des Editeurs,Tours,37,63845
808,Imprimerie Laballery 807,Impression,91 rue des Editeurs,Dijon,21,97207
809,Papeteries Lana 808,Fourniture Papier,193 rue des Editeurs,Clermont-Ferrand,63,65435
810,Belles Lettres Diffusion 809,Distribution,185 rue des Editeurs,Montpellier,34,16743
811,Imprimerie Nationale 810,Impression,74 rue des Editeurs,Paris,75,88696
812,Papeteries du Rhone 811,Fourniture Papier,80 rue des Editeurs,Lyon,69,56090
813,Diffusion Hachette 812,Distribution,27 rue des Editeurs,Marseille,13,85748
814,Imprimerie Chirat 813,Impression,130 rue des Editeurs,Toulouse,31,37884
815,Papiers de France 814,Fourniture Papier,40 rue des Editeurs,Bordeaux,33,96079
816,Sodis Distribution 815,Distribution,124 rue des Editeurs,Nantes,44,39392
817,Imprimerie Pollina 816,Impression,28 rue des Editeurs,Strasbourg,67,55890
818,Arctic Paper France 817,Fourniture Papier,143 rue des Editeurs,Lille,59,58176
819,Interforum 818,Distribution,30 rue des Editeurs,Rennes,35,46512
820,Imprimerie Floch 819,Impression,147 rue des Editeurs,Grenoble,38,39643
821,Papeteries Canson 820,Fourniture Papier,110 rue des Editeurs,Rouen,76,83526
822,MDS Logistique 821,Distribution,197 rue des Editeurs,Tours,37,91490
823,Imprimerie Brodard 822,Impression,158 rue des Editeurs,Dijon,21,98470
824,Papeteries Clairefontaine 823,Fourniture Papier,165 rue des Editeurs,Clermont-Ferrand,63,82972
825,Volumen Distribution 824,Distribution,7 rue des Editeurs,Montpellier,34,89822
826,CPI Imprimerie 825,Impression,169 rue des Editeurs,Paris,75,45054
827,Fedrigoni France 826,Fourniture Papier,8 rue des Editeurs,Lyon,69,33647
828,Harmonia Mundi Livre 827,Distribution,70 rue des Editeurs,Marseille,13,50499
829,Normandie Roto 828,Impression,87 rue des Editeurs,Toulouse,31,56009
830,Sequana Papier 829,Fourniture Papier,2 rue des Editeurs,Bordeaux,33,33777
831,UD Distribution 830,Distribution,37 rue des Editeurs,Nantes,44,84228
832,Imprimerie Aubin 831,Impression,169 rue des Editeurs,Strasbourg,67,62531
833,Papeteries Hamelin 832,Fourniture Papier,18 rue des Editeurs,Lille,59,28595
834,Dilisco 833,Distribution,190 rue des Editeurs,Rennes,35,92991
835,Jouve Impression 834,Impression,8 rue des Editeurs,Grenoble,38,22026
836,Munken Paper 835,Fourniture Papier,192 rue des Editeurs,Rouen,76,79531
837,Pollen Diffusion 836,Distribution,56 rue des Editeurs,Tours,37,59308
838,Imprimerie Laballery 837,Impression,108 rue des Editeurs,Dijon,21,69460
839,Papeteries Lana 838,Fourniture Papier,88 rue des Editeurs,Clermont-Ferrand,63,30631
840,Belles Lettres Diffusion 839,Distribution,95 rue des Editeurs,Montpellier,34,50846
841,Imprimerie Nationale 840,Impression,185 rue des Editeurs,Paris,75,52517
842,Papeteries du Rhone 841,Fourniture Papier,199 rue des Editeurs,Lyon,69,84395
843,Diffusion Hachette 842,Distribution,153 rue des Editeurs,Marseille,13,21135
844,Imprimerie Chirat 843,Impression,14 rue des Editeurs,Toulouse,31,30392
845,Papiers de France 844,Fourniture Papier,41 rue des Editeurs,Bordeaux,33,90981
846,Sodis Distribution 845,Distribution,13 rue des Editeurs,Nantes,44,98338
847,Imprimerie Pollina 846,Impression,21 rue des Editeurs,Strasbourg,67,45665
848,Arctic Paper France 847,Fourniture Papier,114 rue des Editeurs,Lille,59,96761
849,Interforum 848,Distribution,109 rue des Editeurs,Rennes,35,73656
850,Imprimerie Floch 849,Impression,156 rue des Editeurs,Grenoble,38,67939
851,Papeteries Canson 850,Fourniture Papier,107 rue des Editeurs,Rouen,76,45804
852,MDS Logistique 851,Distribution,56 rue des Editeurs,Tours,37,77154
853,Imprimerie Brodard 852,Impression,30 rue des Editeurs,Dijon,21,55242
854,Papeteries Clairefontaine 853,Fourniture Papier,111 rue des Editeurs,Clermont-Ferrand,63,24534
855,Volumen Distribution 854,Distribution,73 rue des Editeurs,Montpellier,34,98895
856,CPI Imprimerie 855,Impression,174 rue des Editeurs,Paris,75,87743
857,Fedrigoni France 856,Fourniture Papier,125 rue des Editeurs,Lyon,69,79066
858,Harmonia Mundi Livre 857,Distribution,171 rue des Editeurs,Marseille,13,50425
859,Normandie Roto 858,Impression,12 rue des Editeurs,Toulouse,31,38903
860,Sequana Papier 859,Fourniture Papier,102 rue des Editeurs,Bordeaux,33,88554
861,UD Distribution 860,Distribution,15 rue des Editeurs,Nantes,44,11007
862,Imprimerie Aubin 861,Impression,53 rue des Editeurs,Strasbourg,67,49507
863,Papeteries Hamelin 862,Fourniture Papier,55 rue des Editeurs,Lille,59,27987
864,Dilisco 863,Distribution,196 rue des Editeurs,Rennes,35,43491
865,Jouve Impression 864,Impression,75 rue des Editeurs,Grenoble,38,53007
866,Munken Paper 865,Fourniture Papier,31 rue des Editeurs,Rouen,76,11013
867,Pollen Diffusion 866,Distribution,128 rue des Editeurs,Tours,37,66446
868,Imprimerie Laballery 867,Impression,45 rue des Editeurs,Dijon,21,26932
869,Papeteries Lana 868,Fourniture Papier,98 rue des Editeurs,Clermont-Ferrand,63,79806
870,Belles Lettres Diffusion 869,Distribution,181 rue des Editeurs,Montpellier,34,40161
871,Imprimerie Nationale 870,Impression,129 rue des Editeurs,Paris,75,83233
872,Papeteries du Rhone 871,Fourniture Papier,172 rue des Editeurs,Lyon,69,56421
873,Diffusion Hachette 872,Distribution,19 rue des Editeurs,Marseille,13,62044
874,Imprimerie Chirat 873,Impression,190 rue des Editeurs,Toulouse,31,15544
875,Papiers de France 874,Fourniture Papier,112 rue des Editeurs,Bordeaux,33,12456
876,Sodis Distribution 875,Distribution,118 rue des Editeurs,Nantes,44,20205
877,Imprimerie Pollina 876,Impression,81 rue des Editeurs,Strasbourg,67,85465
878,Arctic Paper France 877,Fourniture Papier,110 rue des Editeurs,Lille,59,85156
879,Interforum 878,Distribution,104 rue des Editeurs,Rennes,35,93904
880,Imprimerie Floch 879,Impression,107 rue des Editeurs,Grenoble,38,47947
881,Papeteries Canson 880,Fourniture Papier,30 rue des Editeurs,Rouen,76,63088
882,MDS Logistique 881,Distribution,6 rue des Editeurs,Tours,37,52568
883,Imprimerie Brodard 882,Impression,44 rue des Editeurs,Dijon,21,91018
884,Papeteries Clairefontaine 883,Fourniture Papier,118 rue des Editeurs,Clermont-Ferrand,63,57428
885,Volumen Distribution 884,Distribution,23 rue des Editeurs,Montpellier,34,67240
886,CPI Imprimerie 885,Impression,28 rue des Editeurs,Paris,75,41891
887,Fedrigoni France 886,Fourniture Papier,112 rue des Editeurs,Lyon,69,87184
888,Harmonia Mundi Livre 887,Distribution,103 rue des Editeurs,Marseille,13,78676
889,Normandie Roto 888,Impression,21 rue des Editeurs,Toulouse,31,61873
890,Sequana Papier 889,Fourniture Papier,80 rue des Editeurs,Bordeaux,33,54500
891,UD Distribution 890,Distribution,57 rue des Editeurs,Nantes,44,53655
892,Imprimerie Aubin 891,Impression,200 rue des Editeurs,Strasbourg,67,32037
893,Papeteries Hamelin 892,Fourniture Papier,20 rue des Editeurs,Lille,59,76910
894,Dilisco 893,Distribution,163 rue des Editeurs,Rennes,35,24945
895,Jouve Impression 894,Impression,136 rue des Editeurs,Grenoble,38,76840
896,Munken Paper 895,Fourniture Papier,50 rue des Editeurs,Rouen,76,55793
897,Pollen Diffusion 896,Distribution,90 rue des Editeurs,Tours,37,94599
898,Imprimerie Laballery 897,Impression,38 rue des Editeurs,Dijon,21,40968
899,Papeteries Lana 898,Fourniture Papier,27 rue des Editeurs,Clermont-Ferrand,63,29194
900,Belles Lettres Diffusion 899,Distribution,66 rue des Editeurs,Montpellier,34,35856
901,Imprimerie Nationale 900,Impression,45 rue des Editeurs,Paris,75,88957
902,Papeteries du Rhone 901,Fourniture Papier,40 rue des Editeurs,Lyon,69,95918
903,Diffusion Hachette 902,Distribution,20 rue des Editeurs,Marseille,13,33218
904,Imprimerie Chirat 903,Impression,198 rue des Editeurs,Toulouse,31,92306
905,Papiers de France 904,Fourniture Papier,127 rue des Editeurs,Bordeaux,33,70811
906,Sodis Distribution 905,Distribution,194 rue des Editeurs,Nantes,44,83889
907,Imprimerie Pollina 906,Impression,195 rue des Editeurs,Strasbourg,67,85952
908,Arctic Paper France 907,Fourniture Papier,115 rue des Editeurs,Lille,59,99277
909,Interforum 908,Distribution,145 rue des Editeurs,Rennes,35,94278
910,Imprimerie Floch 909,Impression,163 rue des Editeurs,Grenoble,38,91857
911,Papeteries Canson 910,Fourniture Papier,83 rue des Editeurs,Rouen,76,92210
912,MDS Logistique 911,Distribution,81 rue des Editeurs,Tours,37,29786
913,Imprimerie Brodard 912,Impression,113 rue des Editeurs,Dijon,21,18950
914,Papeteries Clairefontaine 913,Fourniture Papier,121 rue des Editeurs,Clermont-Ferrand,63,67961
915,Volumen Distribution 914,Distribution,162 rue des Editeurs,Montpellier,34,49691
916,CPI Imprimerie 915,Impression,71 rue des Editeurs,Paris,75,87518
917,Fedrigoni France 916,Fourniture Papier,15 rue des Editeurs,Lyon,69,56129
918,Harmonia Mundi Livre 917,Distribution,130 rue des Editeurs,Marseille,13,19724
919,Normandie Roto 918,Impression,80 rue des Editeurs,Toulouse,31,70521
920,Sequana Papier 919,Fourniture Papier,116 rue des Editeurs,Bordeaux,33,14929
921,UD Distribution 920,Distribution,15 rue des Editeurs,Nantes,44,58331
922,Imprimerie Aubin 921,Impression,74 rue des Editeurs,Strasbourg,67,20057
923,Papeteries Hamelin 922,Fourniture Papier,166 rue des Editeurs,Lille,59,21835
924,Dilisco 923,Distribution,158 rue des Editeurs,Rennes,35,87867
925,Jouve Impression 924,Impression,130 rue des Editeurs,Grenoble,38,60394
926,Munken Paper 925,Fourniture Papier,119 rue des Editeurs,Rouen,76,86064
927,Pollen Diffusion 926,Distribution,142 rue des Editeurs,Tours,37,15376
928,Imprimerie Laballery 927,Impression,116 rue des Editeurs,Dijon,21,84928
929,Papeteries Lana 928,Fourniture Papier,167 rue des Editeurs,Clermont-Ferrand,63,34672
930,Belles Lettres Diffusion 929,Distribution,83 rue des Editeurs,Montpellier,34,89299
931,Imprimerie Nationale 930,Impression,122 rue des Editeurs,Paris,75,75715
932,Papeteries du Rhone 931,Fourniture Papier,39 rue des Editeurs,Lyon,69,18109
933,Diffusion Hachette 932,Distribution,116 rue des Editeurs,Marseille,13,23566
934,Imprimerie Chirat 933,Impression,88 rue des Editeurs,Toulouse,31,21053
935,Papiers de France 934,Fourniture Papier,130 rue des Editeurs,Bordeaux,33,94689
936,Sodis Distribution 935,Distribution,45 rue des Editeurs,Nantes,44,15130
937,Imprimerie Pollina 936,Impression,64 rue des Editeurs,Strasbourg,67,67377
938,Arctic Paper France 937,Fourniture Papier,113 rue des Editeurs,Lille,59,78690
939,Interforum 938,Distribution,134 rue des Editeurs,Rennes,35,89928
940,Imprimerie Floch 939,Impression,41 rue des Editeurs,Grenoble,38,57696
941,Papeteries Canson 940,Fourniture Papier,96 rue des Editeurs,Rouen,76,47079
942,MDS Logistique 941,Distribution,100 rue des Editeurs,Tours,37,63578
943,Imprimerie Brodard 942,Impression,199 rue des Editeurs,Dijon,21,54350
944,Papeteries Clairefontaine 943,Fourniture Papier,174 rue des Editeurs,Clermont-Ferrand,63,88366
945,Volumen Distribution 944,Distribution,14 rue des Editeurs,Montpellier,34,92691
946,CPI Imprimerie 945,Impression,166 rue des Editeurs,Paris,75,53863
947,Fedrigoni France 946,Fourniture Papier,17 rue des Editeurs,Lyon,69,53213
948,Harmonia Mundi Livre 947,Distribution,25 rue des Editeurs,Marseille,13,83133
949,Normandie Roto 948,Impression,174 rue des Editeurs,Toulouse,31,60667
950,Sequana Papier 949,Fourniture Papier,73 rue des Editeurs,Bordeaux,33,43029
951,UD Distribution 950,Distribution,186 rue des Editeurs,Nantes,44,96057
952,Imprimerie Aubin 951,Impression,155 rue des Editeurs,Strasbourg,67,29709
953,Papeteries Hamelin 952,Fourniture Papier,86 rue des Editeurs,Lille,59,20682
954,Dilisco 953,Distribution,150 rue des Editeurs,Rennes,35,96980
955,Jouve Impression 954,Impression,37 rue des Editeurs,Grenoble,38,55851
956,Munken Paper 955,Fourniture Papier,80 rue des Editeurs,Rouen,76,95990
957,Pollen Diffusion 956,Distribution,179 rue des Editeurs,Tours,37,96787
958,Imprimerie Laballery 957,Impression,101 rue des Editeurs,Dijon,21,26901
959,Papeteries Lana 958,Fourniture Papier,153 rue des Editeurs,Clermont-Ferrand,63,21104
960,Belles Lettres Diffusion 959,Distribution,80 rue des Editeurs,Montpellier,34,83259
961,Imprimerie Nationale 960,Impression,97 rue des Editeurs,Paris,75,94343
962,Papeteries du Rhone 961,Fourniture Papier,85 rue des Editeurs,Lyon,69,26750
963,Diffusion Hachette 962,Distribution,172 rue des Editeurs,Marseille,13,99838
964,Imprimerie Chirat 963,Impression,135 rue des Editeurs,Toulouse,31,22249
965,Papiers de France 964,Fourniture Papier,166 rue des Editeurs,Bordeaux,33,97878
966,Sodis Distribution 965,Distribution,109 rue des Editeurs,Nantes,44,76648
967,Imprimerie Pollina 966,Impression,93 rue des Editeurs,Strasbourg,67,12389
968,Arctic Paper France 967,Fourniture Papier,93 rue des Editeurs,Lille,59,50483
969,Interforum 968,Distribution,47 rue des Editeurs,Rennes,35,38074
970,Imprimerie Floch 969,Impression,88 rue des Editeurs,Grenoble,38,73736
971,Papeteries Canson 970,Fourniture Papier,50 rue des Editeurs,Rouen,76,39693
972,MDS Logistique 971,Distribution,36 rue des Editeurs,Tours,37,30308
973,Imprimerie Brodard 972,Impression,20 rue des Editeurs,Dijon,21,48770
974,Papeteries Clairefontaine 973,Fourniture Papier,26 rue des Editeurs,Clermont-Ferrand,63,76543
975,Volumen Distribution 974,Distribution,198 rue des Editeurs,Montpellier,34,80748
976,CPI Imprimerie 975,Impression,190 rue des Editeurs,Paris,75,79013
977,Fedrigoni France 976,Fourniture Papier,10 rue des Editeurs,Lyon,69,96760
978,Harmonia Mundi Livre 977,Distribution,87 rue des Editeurs,Marseille,13,91006
979,Normandie Roto 978,Impression,34 rue des Editeurs,Toulouse,31,88282
980,Sequana Papier 979,Fourniture Papier,97 rue des Editeurs,Bordeaux,33,30218
981,UD Distribution 980,Distribution,42 rue des Editeurs,Nantes,44,33703
982,Imprimerie Aubin 981,Impression,178 rue des Editeurs,Strasbourg,67,91885
983,Papeteries Hamelin 982,Fourniture Papier,43 rue des Editeurs,Lille,59,67366
984,Dilisco 983,Distribution,12 rue des Editeurs,Rennes,35,63852
985,Jouve Impression 984,Impression,94 rue des Editeurs,Grenoble,38,98652
986,Munken Paper 985,Fourniture Papier,185 rue des Editeurs,Rouen,76,41133
987,Pollen Diffusion 986,Distribution,114 rue des Editeurs,Tours,37,90031
988,Imprimerie Laballery 987,Impression,73 rue des Editeurs,Dijon,21,68841
989,Papeteries Lana 988,Fourniture Papier,60 rue des Editeurs,Clermont-Ferrand,63,79993
990,Belles Lettres Diffusion 989,Distribution,62 rue des Editeurs,Montpellier,34,50562
991,Imprimerie Nationale 990,Impression,121 rue des Editeurs,Paris,75,35430
992,Papeteries du Rhone 991,Fourniture Papier,95 rue des Editeurs,Lyon,69,98907
993,Diffusion Hachette 992,Distribution,147 rue des Editeurs,Marseille,13,67749
994,Imprimerie Chirat 993,Impression,119 rue des Editeurs,Toulouse,31,46932
995,Papiers de France 994,Fourniture Papier,200 rue des Editeurs,Bordeaux,33,60052
996,Sodis Distribution 995,Distribution,129 rue des Editeurs,Nantes,44,79135
997,Imprimerie Pollina 996,Impression,108 rue des Editeurs,Strasbourg,67,31241
998,Arctic Paper France 997,Fourniture Papier,52 rue des Editeurs,Lille,59,89254
999,Interforum 998,Distribution,36 rue des Editeurs,Rennes,35,42768
1000,Imprimerie Floch 999,Impression,14 rue des Editeurs,Grenoble,38,94040
